ticket_id,text,category,priority
TCK-11807,"Automated monitoring alert: Would appreciate an automated weekly email digest summarizing team performance and open ticket counts. Affects more than 2,000 active concurrent users.",Feature Request,Low
TCK-10928,"Automated monitoring alert: Cannot download tax / VAT invoice receipt for invoice #42580. Need it immediately for external audit. Affects more than 2,000 active concurrent users.",Billing & Payment,Low
TCK-10755,"Report from customer success: Cannot download tax / VAT invoice receipt for invoice #66629. Need it immediately for external audit. Affects more than 2,000 active concurrent users.",Billing & Payment,Medium
TCK-11793,"Escalation notice: Feature Request: Please add native Dark Mode support across the entire web application dashboard. Affects more than 2,000 active concurrent users.",Feature Request,Low
TCK-12290,Ticket opened by employee: Corporate VPN gateway is rejecting connections with 'TLS Handshake Failed'. Remote engineers cannot access servers. Causes immediate revenue loss and prevents checkout completion.,Technical / IT Support,Critical
TCK-11236,Immediate offboarding request: Please revoke all API tokens and deactivate account for former staff m.garcia@massivedynamic.com. Halts all production CI/CD deployments across engineering.,Account & Access,High
TCK-11489,Company-wide SSO login outage: Okta SAML returns 'Invalid assertion signature'. All employees locked out! Halts all production CI/CD deployments across engineering.,Account & Access,Critical
TCK-10146,Internal incident report: Application crashes consistently when clicking the bulk submit button. Error message: 'OutOfMemoryError: Java heap space'. Environment: via Android app v4.2.1. Causes immediate revenue loss and prevents checkout completion.,Bug / System Error,Critical
TCK-11025,Urgent assistance requested: Received '403 Forbidden: Insufficient Permissions' when trying to access workspace 'Hooli Tech' despite being admin. No immediate workaround available; critical customer escalation.,Account & Access,Medium
TCK-10449,"The export feature is generating corrupted, 0-byte files when uploading a 25MB CSV data file. Causes immediate revenue loss and prevents checkout completion.",Bug / System Error,High
TCK-10286,"Urgent assistance requested: Encountered a fatal crash during invoking the batch synchronization API. The screen went completely blank and logged HTTP 401 Unauthorized. Low impact, customer is just inquiring for future planning.",Bug / System Error,High
TCK-12320,Corporate VPN gateway is rejecting connections with 'TLS Handshake Failed'. Remote engineers cannot access servers. Causes immediate revenue loss and prevents checkout completion.,Technical / IT Support,Critical
TCK-10664,Customer reports: Need clarification on line-item usage charges for data egress on current monthly billing statement. Halts all production CI/CD deployments across engineering.,Billing & Payment,Low
TCK-11850,"Client wrote: Can you support bulk employee CSV upload? Manually creating individual user accounts is too slow. Low impact, customer is just inquiring for future planning.",Feature Request,Medium
TCK-11898,Issue logged via web portal: Would appreciate an automated weekly email digest summarizing team performance and open ticket counts. Minor inconvenience for internal staff.,Feature Request,Low
TCK-10655,Need clarification on line-item usage charges for data egress on current monthly billing statement. This is blocking the entire finance department from closing month-end accounts.,Billing & Payment,Low
TCK-10936,Invoice #52534 has the incorrect legal entity tax ID. Please regenerate with GST/VAT #VAT-52534. This is blocking the entire finance department from closing month-end accounts.,Billing & Payment,Medium
TCK-12127,Internal code repository server (git.internal.corp) is completely unreachable; SSH connection timed out on port 22. High severity as our SLA requires a resolution within 2 hours.,Technical / IT Support,Critical
TCK-12171,Critical alert logged: Requesting standard workstation hardware provisioning for incoming senior software engineer starting next week. This is blocking the entire finance department from closing month-end accounts.,Technical / IT Support,Low
TCK-10505,Customer reports: Credit card payment failed with code ERR_CARD_PROCESSOR_TIMEOUT for company Acme Corp. Visual bug only; functional workflows remain operational.,Billing & Payment,High
TCK-10338,UI regression: Form fields overlap and become unclickable in Search Backend when uploading a 25MB CSV data file. High severity as our SLA requires a resolution within 2 hours.,Bug / System Error,Low
TCK-10723,Need clarification on line-item usage charges for data egress on current monthly billing statement. High severity as our SLA requires a resolution within 2 hours.,Billing & Payment,Low
TCK-11213,"User session randomly terminates every 3 minutes, forcing re-authentication on using Chrome 122 on Windows 11. Visual bug only; functional workflows remain operational.",Account & Access,Critical
TCK-10169,Crash report: Worker thread terminated unexpectedly with HTTP 403 Forbidden - Access Denied while saving nested profile permissions. High severity as our SLA requires a resolution within 2 hours.,Bug / System Error,Critical
TCK-11446,Account locked after multiple failed attempts. Please unlock username 'k.chen' immediately. Visual bug only; functional workflows remain operational.,Account & Access,Medium
TCK-11721,"Direct message from enterprise admin: Can you support bulk employee CSV upload? Manually creating individual user accounts is too slow. Only affects a single user, but workaround is cumbersome.",Feature Request,Medium
TCK-10440,UI regression: Form fields overlap and become unclickable in Reporting Engine when clicking the bulk submit button. This is blocking the entire finance department from closing month-end accounts.,Bug / System Error,Low
TCK-11964,Client wrote: Feature Request: Please add native Dark Mode support across the entire web application dashboard. High severity as our SLA requires a resolution within 2 hours.,Feature Request,Low
TCK-10120,Search index seems desynchronized in Notification Queue; new entries do not appear after processing payroll deductions for all employees. Visual bug only; functional workflows remain operational.,Bug / System Error,Medium
TCK-10077,"Ticket opened by employee: Application crashes consistently when saving nested profile permissions. Error message: 'ERR_CONNECTION_REFUSED on port 8080'. Environment: using Chrome 122 on Windows 11. Low impact, customer is just inquiring for future planning.",Bug / System Error,Critical
TCK-11616,Can we add granular tag-based filtering and custom multi-select fields to the main ticket view? Minor inconvenience for internal staff.,Feature Request,Critical
TCK-10233,"Support inquiry from tier-1: Crash report: Worker thread terminated unexpectedly with HTTP 500 Internal Server Error while generating the annual revenue reconciliation report. Only affects a single user, but workaround is cumbersome.",Bug / System Error,Critical
TCK-10753,"Automated monitoring alert: Account marked past due and suspended, but wire transfer of $2,423 was completed 3 business days ago. Halts all production CI/CD deployments across engineering.",Billing & Payment,Medium
TCK-12063,Escalation notice: Outlook desktop app crashes repeatedly during startup with error 'MAPI32.DLL missing or corrupt'. No immediate workaround available; critical customer escalation.,Technical / IT Support,Medium
TCK-10084,Encountered a fatal crash during executing SQL query against reporting replica. The screen went completely blank and logged ERR_CONNECTION_REFUSED on port 8080. Visual bug only; functional workflows remain operational.,Bug / System Error,High
TCK-12313,Escalation notice: Internal code repository server (git.internal.corp) is completely unreachable; SSH connection timed out on port 22. No immediate workaround available; critical customer escalation.,Technical / IT Support,Critical
TCK-10680,"Ticket opened by employee: Our corporate account was billed twice for invoice #68238. Total overcharge is $1,386. Low impact, customer is just inquiring for future planning.",Billing & Payment,High
TCK-11365,Critical alert logged: Locked out of account. Password reset email never arrives for user l.muller@acmecorp.com. No immediate workaround available; critical customer escalation.,Account & Access,High
TCK-12439,Physical Ethernet port at desk #38 has no link light and does not assign a DHCP IP address. Causes immediate revenue loss and prevents checkout completion.,Technical / IT Support,Low
TCK-10454,"Ticket opened by employee: The export feature is generating corrupted, 0-byte files when importing customer leads from Salesforce. No immediate workaround available; critical customer escalation.",Bug / System Error,Medium
TCK-11064,"Support inquiry from tier-1: Password reset link gives 'HTTP 400 Token Invalid or Expired' immediately upon opening. Low impact, customer is just inquiring for future planning.",Account & Access,High
TCK-11748,"Feature enhancement: Support multi-currency checkout (EUR, GBP, JPY, CAD) on the customer-facing billing page. No immediate workaround available; critical customer escalation.",Feature Request,Medium
TCK-11754,User stated: Feature Request: Please add native Dark Mode support across the entire web application dashboard. Visual bug only; functional workflows remain operational.,Feature Request,Low
TCK-11186,How can I transfer primary account ownership from e.dubois@globexglobal.com to finance@company.com? Visual bug only; functional workflows remain operational.,Account & Access,Low
TCK-10388,"Urgent assistance requested: UI regression: Form fields overlap and become unclickable in Ingestion Pipeline when rendering the executive KPI dashboard. Only affects a single user, but workaround is cumbersome.",Bug / System Error,Low
TCK-11342,Escalation notice: Security escalation: Unusual login detected from unrecognized IP in foreign jurisdiction for account a.patel. Halts all production CI/CD deployments across engineering.,Account & Access,Critical
TCK-10821,Requesting official formal price quote for expanding from 50 to 150 user licenses for Cyberdyne Systems. Visual bug only; functional workflows remain operational.,Billing & Payment,Low
TCK-11843,"Issue logged via web portal: Feature enhancement: Support multi-currency checkout (EUR, GBP, JPY, CAD) on the customer-facing billing page. This is blocking the entire finance department from closing month-end accounts.",Feature Request,Medium
TCK-10942,"Internal incident report: Please update our billing address to 550 Market St, Tokyo and re-send the invoice #90244. This is blocking the entire finance department from closing month-end accounts.",Billing & Payment,Low
TCK-12442,Ticket opened by employee: Outlook desktop app crashes repeatedly during startup with error 'MAPI32.DLL missing or corrupt'. High severity as our SLA requires a resolution within 2 hours.,Technical / IT Support,Medium
TCK-10324,"Escalation notice: The export feature is generating corrupted, 0-byte files when processing payroll deductions for all employees. High severity as our SLA requires a resolution within 2 hours.",Bug / System Error,Medium
TCK-12157,Ticket opened by employee: Office Wi-Fi in the 4th floor engineering wing is suffering severe packet loss and DNS resolution timeouts. Visual bug only; functional workflows remain operational.,Technical / IT Support,High
TCK-11742,Escalation notice: Requesting Webhook support for ticket status updates so our engineering team can trigger custom Slack alerts. High severity as our SLA requires a resolution within 2 hours.,Feature Request,Medium
TCK-12390,Customer reports: Corporate VPN gateway is rejecting connections with 'TLS Handshake Failed'. Remote engineers cannot access servers. Causes immediate revenue loss and prevents checkout completion.,Technical / IT Support,Critical
TCK-11590,"Please introduce keyboard navigation shortcuts (e.g., 'j/k' to traverse items, 'e' to archive) for power users. Only affects a single user, but workaround is cumbersome.",Feature Request,Low
TCK-11367,Urgent assistance requested: Need help configuring Role-Based Access Control (RBAC) permissions for third-party auditing contractors. This is blocking the entire finance department from closing month-end accounts.,Account & Access,Low
TCK-11839,Direct message from enterprise admin: Feature Request: Please add native Dark Mode support across the entire web application dashboard. This is blocking the entire finance department from closing month-end accounts.,Feature Request,Low
TCK-10667,"Disputed transaction: We were charged the Enterprise annual tier rate of $2,763 instead of monthly tier. High severity as our SLA requires a resolution within 2 hours.",Billing & Payment,High
TCK-11901,"Escalation notice: Feature Request: Please add native Dark Mode support across the entire web application dashboard. Only affects a single user, but workaround is cumbersome.",Feature Request,Low
TCK-11361,Critical alert logged: Two-Factor Authentication (2FA) SMS verification code is not being delivered to phone ending in 9994. Causes immediate revenue loss and prevents checkout completion.,Account & Access,Critical
TCK-10813,"Requesting official formal price quote for expanding from 50 to 150 user licenses for Massive Dynamic. Only affects a single user, but workaround is cumbersome.",Billing & Payment,Low
TCK-10479,Helpdesk dispatch: UI regression: Form fields overlap and become unclickable in Ingestion Pipeline when filtering transaction logs by timestamp. Minor inconvenience for internal staff.,Bug / System Error,Low
TCK-10317,"Escalation notice: Unhandled exception thrown during uploading a 25MB CSV data file. Stack trace indicates SocketTimeoutException after 30000ms. on corporate Lenovo ThinkPad T14. Low impact, customer is just inquiring for future planning.",Bug / System Error,High
TCK-11725,"Escalation notice: Can you support bulk employee CSV upload? Manually creating individual user accounts is too slow. Low impact, customer is just inquiring for future planning.",Feature Request,Medium
TCK-10967,Cannot download tax / VAT invoice receipt for invoice #30016. Need it immediately for external audit. This is blocking the entire finance department from closing month-end accounts.,Billing & Payment,Medium
TCK-10777,Our corporate account was billed twice for invoice #83905. Total overcharge is $339. Causes immediate revenue loss and prevents checkout completion.,Billing & Payment,High
TCK-11611,"Direct message from enterprise admin: Feature Request: Please add native Dark Mode support across the entire web application dashboard. Low impact, customer is just inquiring for future planning.",Feature Request,Low
TCK-10371,"Data corruption risk: After filtering transaction logs by timestamp, previously saved records disappear from Checkout Service. Affects more than 2,000 active concurrent users.",Bug / System Error,Critical
TCK-12393,Need replacement 90W USB-C AC power adapter for Dell Latitude laptop; current cable has a frayed wire. High severity as our SLA requires a resolution within 2 hours.,Technical / IT Support,Low
TCK-11848,Urgent assistance requested: We would love the ability to export all chart visualizations directly to high-res SVG or vector PDF. Causes immediate revenue loss and prevents checkout completion.,Feature Request,Low
TCK-11573,"Escalation notice: Feature enhancement: Support multi-currency checkout (EUR, GBP, JPY, CAD) on the customer-facing billing page. No immediate workaround available; critical customer escalation.",Feature Request,Medium
TCK-12099,"Dual external monitors are not recognized when connecting Lenovo ThinkPad to the USB-C docking station. Low impact, customer is just inquiring for future planning.",Technical / IT Support,Low
TCK-10044,"Report from customer success: The export feature is generating corrupted, 0-byte files when invoking the batch synchronization API. Minor inconvenience for internal staff.",Bug / System Error,Medium
TCK-11018,Please grant Administrator privileges and workspace owner role to new hire t.tanaka@hoolitech.com. Halts all production CI/CD deployments across engineering.,Account & Access,Medium
TCK-11082,Critical alert logged: Locked out of account. Password reset email never arrives for user t.tanaka@cyberdynesystems.com. No immediate workaround available; critical customer escalation.,Account & Access,High
TCK-11910,Can you support bulk employee CSV upload? Manually creating individual user accounts is too slow. Visual bug only; functional workflows remain operational.,Feature Request,Medium
TCK-10265,User stated: UI regression: Form fields overlap and become unclickable in Reporting Engine when saving nested profile permissions. This is blocking the entire finance department from closing month-end accounts.,Bug / System Error,Critical
TCK-12071,Critical alert logged: Requesting standard workstation hardware provisioning for incoming senior software engineer starting next week. Causes immediate revenue loss and prevents checkout completion.,Technical / IT Support,Low
TCK-10643,"Helpdesk dispatch: Account marked past due and suspended, but wire transfer of $1,590 was completed 3 business days ago. Affects more than 2,000 active concurrent users.",Billing & Payment,Critical
TCK-11281,"User session randomly terminates every 3 minutes, forcing re-authentication on on production cluster us-east-1. Affects more than 2,000 active concurrent users.",Account & Access,Medium
TCK-10336,Direct message from enterprise admin: Intermittent failure: generating the annual revenue reconciliation report fails with OutOfMemoryError: Java heap space for about 15% of requests. Halts all production CI/CD deployments across engineering.,Bug / System Error,Medium
TCK-10193,Issue logged via web portal: Typo and visual bug: Text label displays 'Unkown Error' instead of valid status on Checkout Service.,Bug / System Error,Low
TCK-11314,"Direct message from enterprise admin: How can I transfer primary account ownership from e.dubois@starkindustries.com to finance@company.com? Only affects a single user, but workaround is cumbersome.",Account & Access,High
TCK-10033,Internal incident report: Typo and visual bug: Text label displays 'Unkown Error' instead of valid status on Reporting Engine.,Bug / System Error,Low
TCK-10282,"Data corruption risk: After invoking the batch synchronization API, previously saved records disappear from Reporting Engine. Only affects a single user, but workaround is cumbersome.",Bug / System Error,Critical
TCK-11021,"Critical alert logged: User session randomly terminates every 3 minutes, forcing re-authentication on on employee MacBook Pro (macOS Sonoma). This is blocking the entire finance department from closing month-end accounts.",Account & Access,Medium
TCK-12251,"Inquiry received: Need replacement 90W USB-C AC power adapter for Dell Latitude laptop; current cable has a frayed wire. Affects more than 2,000 active concurrent users.",Technical / IT Support,Low
TCK-11967,Escalation notice: Can we add granular tag-based filtering and custom multi-select fields to the main ticket view? Causes immediate revenue loss and prevents checkout completion.,Feature Request,Medium
TCK-11550,"Urgent assistance requested: Feature request: Allow custom branding and company logo white-labeling on client-facing export reports. Affects more than 2,000 active concurrent users.",Feature Request,Low
TCK-11402,Internal incident report: Immediate offboarding request: Please revoke all API tokens and deactivate account for former staff m.garcia@acmecorp.com. Minor inconvenience for internal staff.,Account & Access,High
TCK-12066,"Critical alert logged: Internal code repository server (git.internal.corp) is completely unreachable; SSH connection timed out on port 22. Only affects a single user, but workaround is cumbersome.",Technical / IT Support,Critical
TCK-11270,Security escalation: Unusual login detected from unrecognized IP in foreign jurisdiction for account t.tanaka. Causes immediate revenue loss and prevents checkout completion.,Account & Access,Critical
TCK-12075,Helpdesk dispatch: Floor 3 network printer is displaying 'Paper Jam Error 52' even though the internal tray is completely clear. This is blocking the entire finance department from closing month-end accounts.,Technical / IT Support,Low
TCK-10780,Client wrote: Requesting official formal price quote for expanding from 50 to 150 user licenses for Cyberdyne Systems. No immediate workaround available; critical customer escalation.,Billing & Payment,Low
TCK-10390,Issue logged via web portal: Search index seems desynchronized in Ingestion Pipeline; new entries do not appear after generating the annual revenue reconciliation report. No immediate workaround available; critical customer escalation.,Bug / System Error,Medium
TCK-11312,"Customer reports: Two-Factor Authentication (2FA) SMS verification code is not being delivered to phone ending in 3230. Affects more than 2,000 active concurrent users.",Account & Access,Critical
TCK-10511,"Report from customer success: Cannot download tax / VAT invoice receipt for invoice #33667. Need it immediately for external audit. Low impact, customer is just inquiring for future planning.",Billing & Payment,Medium
TCK-10960,Escalation notice: Invoice #34340 has the incorrect legal entity tax ID. Please regenerate with GST/VAT #VAT-34340. Minor inconvenience for internal staff.,Billing & Payment,Medium
TCK-11456,"Account locked after multiple failed attempts. Please unlock username 'l.muller' immediately. Only affects a single user, but workaround is cumbersome.",Account & Access,Medium
TCK-12024,"Internal incident report: Outlook desktop app crashes repeatedly during startup with error 'MAPI32.DLL missing or corrupt'. Low impact, customer is just inquiring for future planning.",Technical / IT Support,Medium
TCK-11044,Company-wide SSO login outage: Okta SAML returns 'Invalid assertion signature'. All employees locked out! Visual bug only; functional workflows remain operational.,Account & Access,Critical
TCK-10003,"Critical alert logged: Bug discovered in Analytics Dashboard: processing payroll deductions for all employees yields incorrect calculation results. Low impact, customer is just inquiring for future planning.",Bug / System Error,Critical
TCK-11158,"Direct message from enterprise admin: Two-Factor Authentication (2FA) SMS verification code is not being delivered to phone ending in 4190. Low impact, customer is just inquiring for future planning.",Account & Access,Critical
TCK-10006,Client wrote: UI regression: Form fields overlap and become unclickable in Batch Processing Worker when generating the annual revenue reconciliation report. No immediate workaround available; critical customer escalation.,Bug / System Error,Low
TCK-11769,"Please introduce keyboard navigation shortcuts (e.g., 'j/k' to traverse items, 'e' to archive) for power users. Halts all production CI/CD deployments across engineering.",Feature Request,Low
TCK-10721,"Credit card payment failed with code ERR_CARD_PROCESSOR_TIMEOUT for company Stark Industries. Affects more than 2,000 active concurrent users.",Billing & Payment,High
TCK-11307,"Internal incident report: User session randomly terminates every 3 minutes, forcing re-authentication on on Firefox ESR 115. No immediate workaround available; critical customer escalation.",Account & Access,High
TCK-10495,"Urgent assistance requested: The export feature is generating corrupted, 0-byte files when invoking the batch synchronization API. Affects more than 2,000 active concurrent users.",Bug / System Error,Medium
TCK-11115,Please grant Administrator privileges and workspace owner role to new hire m.garcia@initechllc.com. Halts all production CI/CD deployments across engineering.,Account & Access,Medium
TCK-12100,Inquiry received: Need replacement 90W USB-C AC power adapter for Dell Latitude laptop; current cable has a frayed wire. Visual bug only; functional workflows remain operational.,Technical / IT Support,Low
TCK-10690,"Our corporate account was billed twice for invoice #29623. Total overcharge is $1,544. Visual bug only; functional workflows remain operational.",Billing & Payment,High
TCK-11878,"Kindly increase maximum file upload limit from 10MB to 100MB to support uploading short debugging screen recordings. Only affects a single user, but workaround is cumbersome.",Feature Request,Low
TCK-11372,"Urgent assistance requested: Account locked after multiple failed attempts. Please unlock username 'm.garcia' immediately. Only affects a single user, but workaround is cumbersome.",Account & Access,Medium
TCK-11029,Immediate offboarding request: Please revoke all API tokens and deactivate account for former staff t.tanaka@piedpiper.com. Causes immediate revenue loss and prevents checkout completion.,Account & Access,High
TCK-11105,User stated: Locked out of account. Password reset email never arrives for user l.muller@massivedynamic.com. This is blocking the entire finance department from closing month-end accounts.,Account & Access,High
TCK-10725,"Support inquiry from tier-1: Cannot download tax / VAT invoice receipt for invoice #71216. Need it immediately for external audit. Only affects a single user, but workaround is cumbersome.",Billing & Payment,Medium
TCK-12381,Office Wi-Fi in the 4th floor engineering wing is suffering severe packet loss and DNS resolution timeouts. This is blocking the entire finance department from closing month-end accounts.,Technical / IT Support,High
TCK-11165,"Security escalation: Unusual login detected from unrecognized IP in foreign jurisdiction for account m.garcia. Low impact, customer is just inquiring for future planning.",Account & Access,Critical
TCK-11341,"Please grant Administrator privileges and workspace owner role to new hire m.garcia@starkindustries.com. Only affects a single user, but workaround is cumbersome.",Account & Access,Medium
TCK-11005,Helpdesk dispatch: Need help configuring Role-Based Access Control (RBAC) permissions for third-party auditing contractors. High severity as our SLA requires a resolution within 2 hours.,Account & Access,Low
TCK-12372,"Critical alert logged: CrowdStrike endpoint sensor is consuming 98% CPU continuously, causing laptop to freeze. No immediate workaround available; critical customer escalation.",Technical / IT Support,High
TCK-10605,"Inquiry received: Account marked past due and suspended, but wire transfer of $158 was completed 3 business days ago. Affects more than 2,000 active concurrent users.",Billing & Payment,Critical
TCK-10986,"Report from customer success: Our corporate account was billed twice for invoice #27346. Total overcharge is $2,886. No immediate workaround available; critical customer escalation.",Billing & Payment,High
TCK-11246,Helpdesk dispatch: How can I transfer primary account ownership from t.tanaka@wayneenterprises.com to finance@company.com? Halts all production CI/CD deployments across engineering.,Account & Access,Low
TCK-10823,"Support inquiry from tier-1: Payment gateway webhook failed after customer checkout; customer was charged but order shows unpaid. Only affects a single user, but workaround is cumbersome.",Billing & Payment,Low
TCK-11975,"Urgent assistance requested: Feature enhancement: Support multi-currency checkout (EUR, GBP, JPY, CAD) on the customer-facing billing page. Affects more than 2,000 active concurrent users.",Feature Request,Medium
TCK-11383,"Customer reports: Password reset link gives 'HTTP 400 Token Invalid or Expired' immediately upon opening. Low impact, customer is just inquiring for future planning.",Account & Access,High
TCK-10489,Escalation notice: Search index seems desynchronized in Search Backend; new entries do not appear after rendering the executive KPI dashboard. This is blocking the entire finance department from closing month-end accounts.,Bug / System Error,Medium
TCK-10580,Support inquiry from tier-1: Subscription auto-renewed without prior 30-day notice; requesting full refund for unused seat licenses. High severity as our SLA requires a resolution within 2 hours.,Billing & Payment,Medium
TCK-10477,"Report from customer success: Crash report: Worker thread terminated unexpectedly with Deadlock detected in transaction #TX-9482 while executing SQL query against reporting replica. Only affects a single user, but workaround is cumbersome.",Bug / System Error,Critical
TCK-11200,Urgent assistance requested: Password reset link gives 'HTTP 400 Token Invalid or Expired' immediately upon opening. Causes immediate revenue loss and prevents checkout completion.,Account & Access,High
TCK-10319,Automated monitoring alert: Search index seems desynchronized in Notification Queue; new entries do not appear after processing payroll deductions for all employees. No immediate workaround available; critical customer escalation.,Bug / System Error,High
TCK-11889,Feature Request: Please add native Dark Mode support across the entire web application dashboard. High severity as our SLA requires a resolution within 2 hours.,Feature Request,Low
TCK-11370,Critical alert logged: Security escalation: Unusual login detected from unrecognized IP in foreign jurisdiction for account l.muller. High severity as our SLA requires a resolution within 2 hours.,Account & Access,Low
TCK-12072,Floor 3 network printer is displaying 'Paper Jam Error 52' even though the internal tray is completely clear. Halts all production CI/CD deployments across engineering.,Technical / IT Support,Low
TCK-11371,Support inquiry from tier-1: Locked out of account. Password reset email never arrives for user m.garcia@piedpiper.com. This is blocking the entire finance department from closing month-end accounts.,Account & Access,High
TCK-10109,Support inquiry from tier-1: Application crashes consistently when clicking the bulk submit button. Error message: 'OutOfMemoryError: Java heap space'. Environment: in internal Kubernetes namespace 'billing-prod'. Causes immediate revenue loss and prevents checkout completion.,Bug / System Error,Critical
TCK-11937,Critical alert logged: Kindly increase maximum file upload limit from 10MB to 100MB to support uploading short debugging screen recordings. Causes immediate revenue loss and prevents checkout completion.,Feature Request,Low
TCK-10859,Direct message from enterprise admin: Cannot download tax / VAT invoice receipt for invoice #65372. Need it immediately for external audit. Visual bug only; functional workflows remain operational.,Billing & Payment,Medium
TCK-11960,"Critical alert logged: Requesting Webhook support for ticket status updates so our engineering team can trigger custom Slack alerts. Low impact, customer is just inquiring for future planning.",Feature Request,Medium
TCK-10526,Invoice #82516 has the incorrect legal entity tax ID. Please regenerate with GST/VAT #VAT-82516. No immediate workaround available; critical customer escalation.,Billing & Payment,Medium
TCK-10493,Critical alert logged: Intermittent failure: filtering transaction logs by timestamp fails with SSL handshake failed: certificate expired for about 15% of requests. High severity as our SLA requires a resolution within 2 hours.,Bug / System Error,Critical
TCK-11327,"Inquiry received: User session randomly terminates every 3 minutes, forcing re-authentication on on dedicated AWS EC2 c5.4xlarge instance. No immediate workaround available; critical customer escalation.",Account & Access,Medium
TCK-11840,"Critical alert logged: Feature enhancement: Support multi-currency checkout (EUR, GBP, JPY, CAD) on the customer-facing billing page. Only affects a single user, but workaround is cumbersome.",Feature Request,High
TCK-11744,Support inquiry from tier-1: Can you support bulk employee CSV upload? Manually creating individual user accounts is too slow. Visual bug only; functional workflows remain operational.,Feature Request,Medium
TCK-11728,"Client wrote: We would love the ability to export all chart visualizations directly to high-res SVG or vector PDF. Only affects a single user, but workaround is cumbersome.",Feature Request,Low
TCK-10918,Credit card payment failed with code ERR_CARD_PROCESSOR_TIMEOUT for company Hooli Tech. Halts all production CI/CD deployments across engineering.,Billing & Payment,High
TCK-12175,Dual external monitors are not recognized when connecting Lenovo ThinkPad to the USB-C docking station. Visual bug only; functional workflows remain operational.,Technical / IT Support,Low
TCK-11399,"Direct message from enterprise admin: Received '403 Forbidden: Insufficient Permissions' when trying to access workspace 'Initech LLC' despite being admin. Affects more than 2,000 active concurrent users.",Account & Access,Medium
TCK-11178,Customer reports: How can I transfer primary account ownership from m.garcia@cyberdynesystems.com to finance@company.com? Minor inconvenience for internal staff.,Account & Access,Low
TCK-11591,"User stated: Requesting Webhook support for ticket status updates so our engineering team can trigger custom Slack alerts. Affects more than 2,000 active concurrent users.",Feature Request,Medium
TCK-12205,Direct message from enterprise admin: Floor 3 network printer is displaying 'Paper Jam Error 52' even though the internal tray is completely clear. Visual bug only; functional workflows remain operational.,Technical / IT Support,Low
TCK-12405,Helpdesk dispatch: Outlook desktop app crashes repeatedly during startup with error 'MAPI32.DLL missing or corrupt'. Minor inconvenience for internal staff.,Technical / IT Support,Medium
TCK-10494,Helpdesk dispatch: Intermittent failure: processing payroll deductions for all employees fails with HTTP 504 Gateway Timeout for about 15% of requests. Halts all production CI/CD deployments across engineering.,Bug / System Error,Medium
TCK-11851,Report from customer success: Kindly increase maximum file upload limit from 10MB to 100MB to support uploading short debugging screen recordings. No immediate workaround available; critical customer escalation.,Feature Request,Low
TCK-10757,"Inquiry received: Disputed transaction: We were charged the Enterprise annual tier rate of $3,827 instead of monthly tier. Low impact, customer is just inquiring for future planning.",Billing & Payment,High
TCK-10857,"Helpdesk dispatch: Our corporate account was billed twice for invoice #29758. Total overcharge is $2,384. Visual bug only; functional workflows remain operational.",Billing & Payment,High
TCK-11179,Received '403 Forbidden: Insufficient Permissions' when trying to access workspace 'Stark Industries' despite being admin. No immediate workaround available; critical customer escalation.,Account & Access,Medium
TCK-11405,"Immediate offboarding request: Please revoke all API tokens and deactivate account for former staff k.chen@umbrellacorp.com. Affects more than 2,000 active concurrent users.",Account & Access,High
TCK-10273,"Intermittent failure: saving nested profile permissions fails with OutOfMemoryError: Java heap space for about 15% of requests. Low impact, customer is just inquiring for future planning.",Bug / System Error,High
TCK-10926,"Payment gateway webhook failed after customer checkout; customer was charged but order shows unpaid. Only affects a single user, but workaround is cumbersome.",Billing & Payment,Critical
TCK-12342,"CrowdStrike endpoint sensor is consuming 98% CPU continuously, causing laptop to freeze. Causes immediate revenue loss and prevents checkout completion.",Technical / IT Support,High
TCK-10674,"Direct message from enterprise admin: Disputed transaction: We were charged the Enterprise annual tier rate of $2,896 instead of monthly tier. Causes immediate revenue loss and prevents checkout completion.",Billing & Payment,High
TCK-11093,"Inquiry received: User session randomly terminates every 3 minutes, forcing re-authentication on in internal Kubernetes namespace 'billing-prod'. Low impact, customer is just inquiring for future planning.",Account & Access,Medium
TCK-12311,"Outlook desktop app crashes repeatedly during startup with error 'MAPI32.DLL missing or corrupt'. Affects more than 2,000 active concurrent users.",Technical / IT Support,Medium
TCK-11059,Immediate offboarding request: Please revoke all API tokens and deactivate account for former staff e.dubois@acmecorp.com. Causes immediate revenue loss and prevents checkout completion.,Account & Access,High
TCK-10247,Unhandled exception thrown during clicking the bulk submit button. Stack trace indicates SSL handshake failed: certificate expired. on corporate Lenovo ThinkPad T14. No immediate workaround available; critical customer escalation.,Bug / System Error,High
TCK-10983,"Need clarification on line-item usage charges for data egress on current monthly billing statement. Low impact, customer is just inquiring for future planning.",Billing & Payment,Low
TCK-10644,Critical alert logged: Cannot download tax / VAT invoice receipt for invoice #19746. Need it immediately for external audit. Visual bug only; functional workflows remain operational.,Billing & Payment,Medium
TCK-12210,Issue logged via web portal: Assistance needed to configure corporate AWS CLI credentials and kubectl context on developer workstation. Visual bug only; functional workflows remain operational.,Technical / IT Support,Low
TCK-10001,User stated: UI regression: Form fields overlap and become unclickable in Batch Processing Worker when filtering transaction logs by timestamp. Causes immediate revenue loss and prevents checkout completion.,Bug / System Error,Low
TCK-12338,Helpdesk dispatch: Need replacement 90W USB-C AC power adapter for Dell Latitude laptop; current cable has a frayed wire. This is blocking the entire finance department from closing month-end accounts.,Technical / IT Support,Low
TCK-11555,Client wrote: Can you support bulk employee CSV upload? Manually creating individual user accounts is too slow. No immediate workaround available; critical customer escalation.,Feature Request,Medium
TCK-11208,Company-wide SSO login outage: Okta SAML returns 'Invalid assertion signature'. All employees locked out! High severity as our SLA requires a resolution within 2 hours.,Account & Access,Critical
TCK-10119,"Client wrote: Data corruption risk: After invoking the batch synchronization API, previously saved records disappear from Batch Processing Worker. Halts all production CI/CD deployments across engineering.",Bug / System Error,Critical
TCK-10741,"Disputed transaction: We were charged the Enterprise annual tier rate of $2,020 instead of monthly tier. Causes immediate revenue loss and prevents checkout completion.",Billing & Payment,High
TCK-10620,"Customer reports: Please update our billing address to 551 Market St, London and re-send the invoice #59509. Causes immediate revenue loss and prevents checkout completion.",Billing & Payment,Low
TCK-11194,Internal incident report: Account locked after multiple failed attempts. Please unlock username 'j.smith' immediately. High severity as our SLA requires a resolution within 2 hours.,Account & Access,Medium
TCK-11894,Feature request: Allow custom branding and company logo white-labeling on client-facing export reports. Causes immediate revenue loss and prevents checkout completion.,Feature Request,Low
TCK-10758,Support inquiry from tier-1: Requesting official formal price quote for expanding from 50 to 150 user licenses for Globex Global. No immediate workaround available; critical customer escalation.,Billing & Payment,Low
TCK-10261,Automated monitoring alert: Infinite loop / UI freeze occurs whenever a user attempts uploading a 25MB CSV data file on within the European data region eu-west-1. Causes immediate revenue loss and prevents checkout completion.,Bug / System Error,High
TCK-10451,"Direct message from enterprise admin: Data corruption risk: After importing customer leads from Salesforce, previously saved records disappear from Inventory Microservice. No immediate workaround available; critical customer escalation.",Bug / System Error,Critical
TCK-11217,User stated: Received '403 Forbidden: Insufficient Permissions' when trying to access workspace 'Hooli Tech' despite being admin. Visual bug only; functional workflows remain operational.,Account & Access,Medium
TCK-11098,Escalation notice: How can I transfer primary account ownership from j.smith@initechllc.com to finance@company.com? Visual bug only; functional workflows remain operational.,Account & Access,Low
TCK-12430,Issue logged via web portal: Assistance needed to configure corporate AWS CLI credentials and kubectl context on developer workstation. No immediate workaround available; critical customer escalation.,Technical / IT Support,Low
TCK-12422,"CrowdStrike endpoint sensor is consuming 98% CPU continuously, causing laptop to freeze. Only affects a single user, but workaround is cumbersome.",Technical / IT Support,High
TCK-10835,"Support inquiry from tier-1: Account marked past due and suspended, but wire transfer of $2,022 was completed 3 business days ago. High severity as our SLA requires a resolution within 2 hours.",Billing & Payment,Critical
TCK-11478,Client wrote: Password reset link gives 'HTTP 400 Token Invalid or Expired' immediately upon opening. No immediate workaround available; critical customer escalation.,Account & Access,High
TCK-10670,Invoice #64919 has the incorrect legal entity tax ID. Please regenerate with GST/VAT #VAT-64919. Minor inconvenience for internal staff.,Billing & Payment,Medium
TCK-12185,Floor 3 network printer is displaying 'Paper Jam Error 52' even though the internal tray is completely clear. Minor inconvenience for internal staff.,Technical / IT Support,Low
TCK-11529,"Internal incident report: Feature Request: Please add native Dark Mode support across the entire web application dashboard. Low impact, customer is just inquiring for future planning.",Feature Request,High
TCK-12349,Requesting standard workstation hardware provisioning for incoming senior software engineer starting next week. High severity as our SLA requires a resolution within 2 hours.,Technical / IT Support,Low
TCK-12028,Urgent assistance requested: Outlook desktop app crashes repeatedly during startup with error 'MAPI32.DLL missing or corrupt'. Minor inconvenience for internal staff.,Technical / IT Support,Medium
TCK-11552,Automated monitoring alert: Would appreciate an automated weekly email digest summarizing team performance and open ticket counts. High severity as our SLA requires a resolution within 2 hours.,Feature Request,Low
TCK-10935,Support inquiry from tier-1: Please remove expired corporate credit card ending in 2618 and assign the new Amex as default. Halts all production CI/CD deployments across engineering.,Billing & Payment,Low
TCK-11374,Customer reports: How can I transfer primary account ownership from m.garcia@massivedynamic.com to finance@company.com? Visual bug only; functional workflows remain operational.,Account & Access,Low
TCK-10391,Helpdesk dispatch: Intermittent failure: invoking the batch synchronization API fails with ERR_CONNECTION_REFUSED on port 8080 for about 15% of requests. Halts all production CI/CD deployments across engineering.,Bug / System Error,Medium
TCK-11560,Ticket opened by employee: Feature request: Allow custom branding and company logo white-labeling on client-facing export reports. This is blocking the entire finance department from closing month-end accounts.,Feature Request,Low
TCK-11818,Can we add granular tag-based filtering and custom multi-select fields to the main ticket view? No immediate workaround available; critical customer escalation.,Feature Request,Low
TCK-12305,Customer reports: Floor 3 network printer is displaying 'Paper Jam Error 52' even though the internal tray is completely clear. Minor inconvenience for internal staff.,Technical / IT Support,Critical
TCK-10746,Critical alert logged: Our corporate account was billed twice for invoice #51302. Total overcharge is $618. Halts all production CI/CD deployments across engineering.,Billing & Payment,High
TCK-12379,"Ticket opened by employee: Need replacement 90W USB-C AC power adapter for Dell Latitude laptop; current cable has a frayed wire. Affects more than 2,000 active concurrent users.",Technical / IT Support,Low
TCK-11934,"Support inquiry from tier-1: Would appreciate an automated weekly email digest summarizing team performance and open ticket counts. Low impact, customer is just inquiring for future planning.",Feature Request,Low
TCK-12403,"Need replacement 90W USB-C AC power adapter for Dell Latitude laptop; current cable has a frayed wire. Only affects a single user, but workaround is cumbersome.",Technical / IT Support,Low
TCK-11732,"Escalation notice: Feature enhancement: Support multi-currency checkout (EUR, GBP, JPY, CAD) on the customer-facing billing page. High severity as our SLA requires a resolution within 2 hours.",Feature Request,Medium
TCK-10873,Internal incident report: Invoice #92611 has the incorrect legal entity tax ID. Please regenerate with GST/VAT #VAT-92611. No immediate workaround available; critical customer escalation.,Billing & Payment,Medium
TCK-10981,"Please remove expired corporate credit card ending in 1325 and assign the new Amex as default. Low impact, customer is just inquiring for future planning.",Billing & Payment,Low
TCK-11103,Escalation notice: Security escalation: Unusual login detected from unrecognized IP in foreign jurisdiction for account k.chen. Visual bug only; functional workflows remain operational.,Account & Access,Critical
TCK-12499,"Support inquiry from tier-1: CrowdStrike endpoint sensor is consuming 98% CPU continuously, causing laptop to freeze. Minor inconvenience for internal staff.",Technical / IT Support,High
TCK-10300,Crash report: Worker thread terminated unexpectedly with SocketTimeoutException after 30000ms while clicking the bulk submit button. Minor inconvenience for internal staff.,Bug / System Error,Critical
TCK-10834,"Report from customer success: Requesting official formal price quote for expanding from 50 to 150 user licenses for Umbrella Corp. Affects more than 2,000 active concurrent users.",Billing & Payment,Low
TCK-11915,Would appreciate an automated weekly email digest summarizing team performance and open ticket counts. Causes immediate revenue loss and prevents checkout completion.,Feature Request,Low
TCK-12300,"CrowdStrike endpoint sensor is consuming 98% CPU continuously, causing laptop to freeze. Halts all production CI/CD deployments across engineering.",Technical / IT Support,High
TCK-10365,"Internal incident report: Data corruption risk: After rendering the executive KPI dashboard, previously saved records disappear from Notification Queue. No immediate workaround available; critical customer escalation.",Bug / System Error,Critical
TCK-12339,Escalation notice: Internal code repository server (git.internal.corp) is completely unreachable; SSH connection timed out on port 22. Causes immediate revenue loss and prevents checkout completion.,Technical / IT Support,Critical
TCK-12256,"Helpdesk dispatch: Corporate VPN gateway is rejecting connections with 'TLS Handshake Failed'. Remote engineers cannot access servers. Affects more than 2,000 active concurrent users.",Technical / IT Support,Low
TCK-12283,Direct message from enterprise admin: Assistance needed to configure corporate AWS CLI credentials and kubectl context on developer workstation. Halts all production CI/CD deployments across engineering.,Technical / IT Support,Low
TCK-12385,Office Wi-Fi in the 4th floor engineering wing is suffering severe packet loss and DNS resolution timeouts. Minor inconvenience for internal staff.,Technical / IT Support,High
TCK-10343,Issue logged via web portal: Typo and visual bug: Text label displays 'Unkown Error' instead of valid status on Inventory Microservice.,Bug / System Error,Low
TCK-10004,"Report from customer success: Search index seems desynchronized in Reporting Engine; new entries do not appear after uploading a 25MB CSV data file. Only affects a single user, but workaround is cumbersome.",Bug / System Error,Medium
TCK-10614,Credit card payment failed with code ERR_CARD_PROCESSOR_TIMEOUT for company Cyberdyne Systems. Visual bug only; functional workflows remain operational.,Billing & Payment,High
TCK-11921,Kindly increase maximum file upload limit from 10MB to 100MB to support uploading short debugging screen recordings. Causes immediate revenue loss and prevents checkout completion.,Feature Request,High
TCK-11625,"Automated monitoring alert: Feature Request: Please add native Dark Mode support across the entire web application dashboard. Low impact, customer is just inquiring for future planning.",Feature Request,Low
TCK-10410,Internal incident report: Application crashes consistently when uploading a 25MB CSV data file. Error message: 'SocketTimeoutException after 30000ms'. Environment: in staging environment. Halts all production CI/CD deployments across engineering.,Bug / System Error,Critical
TCK-10619,"Account marked past due and suspended, but wire transfer of $1,696 was completed 3 business days ago. Affects more than 2,000 active concurrent users.",Billing & Payment,Critical
TCK-11228,"Security escalation: Unusual login detected from unrecognized IP in foreign jurisdiction for account k.chen. Affects more than 2,000 active concurrent users.",Account & Access,Low
TCK-10616,Cannot download tax / VAT invoice receipt for invoice #62122. Need it immediately for external audit. Visual bug only; functional workflows remain operational.,Billing & Payment,Medium
TCK-11899,Kindly increase maximum file upload limit from 10MB to 100MB to support uploading short debugging screen recordings. Visual bug only; functional workflows remain operational.,Feature Request,Low
TCK-10639,User stated: Need clarification on line-item usage charges for data egress on current monthly billing statement. Visual bug only; functional workflows remain operational.,Billing & Payment,Low
TCK-10401,Report from customer success: Intermittent failure: importing customer leads from Salesforce fails with Database connection pool exhausted for about 15% of requests. Visual bug only; functional workflows remain operational.,Bug / System Error,Medium
TCK-11036,"User session randomly terminates every 3 minutes, forcing re-authentication on on corporate Lenovo ThinkPad T14. Minor inconvenience for internal staff.",Account & Access,Medium
TCK-10634,"Inquiry received: Please remove expired corporate credit card ending in 2594 and assign the new Amex as default. Affects more than 2,000 active concurrent users.",Billing & Payment,Low
TCK-11340,"Issue logged via web portal: User session randomly terminates every 3 minutes, forcing re-authentication on on production cluster us-east-1. This is blocking the entire finance department from closing month-end accounts.",Account & Access,Medium
TCK-10346,"Encountered a fatal crash during importing customer leads from Salesforce. The screen went completely blank and logged Deadlock detected in transaction #TX-9482. Affects more than 2,000 active concurrent users.",Bug / System Error,High
TCK-10255,UI regression: Form fields overlap and become unclickable in Analytics Dashboard when importing customer leads from Salesforce. High severity as our SLA requires a resolution within 2 hours.,Bug / System Error,Low
TCK-11326,"Direct message from enterprise admin: User session randomly terminates every 3 minutes, forcing re-authentication on on employee MacBook Pro (macOS Sonoma). This is blocking the entire finance department from closing month-end accounts.",Account & Access,Medium
TCK-11846,"Escalation notice: Can we add granular tag-based filtering and custom multi-select fields to the main ticket view? Only affects a single user, but workaround is cumbersome.",Feature Request,Low
TCK-10647,"Escalation notice: Requesting official formal price quote for expanding from 50 to 150 user licenses for Globex Global. Affects more than 2,000 active concurrent users.",Billing & Payment,Low
TCK-11845,"Customer reports: Please provide a public REST API endpoint allowing programmatic retrieval of workspace analytics metrics. Affects more than 2,000 active concurrent users.",Feature Request,Critical
TCK-11282,Immediate offboarding request: Please revoke all API tokens and deactivate account for former staff t.tanaka@wayneenterprises.com. No immediate workaround available; critical customer escalation.,Account & Access,High
TCK-12177,Automated monitoring alert: Office Wi-Fi in the 4th floor engineering wing is suffering severe packet loss and DNS resolution timeouts. Halts all production CI/CD deployments across engineering.,Technical / IT Support,High
TCK-11633,"Requesting comprehensive audit log viewer in the admin console to track configuration modifications. Only affects a single user, but workaround is cumbersome.",Feature Request,Medium
TCK-10436,Urgent assistance requested: UI regression: Form fields overlap and become unclickable in Checkout Service when uploading a 25MB CSV data file. Minor inconvenience for internal staff.,Bug / System Error,Low
TCK-11648,Customer reports: Can you support bulk employee CSV upload? Manually creating individual user accounts is too slow. This is blocking the entire finance department from closing month-end accounts.,Feature Request,Medium
TCK-11777,Critical alert logged: Can you support bulk employee CSV upload? Manually creating individual user accounts is too slow. High severity as our SLA requires a resolution within 2 hours.,Feature Request,Medium
TCK-12426,Customer reports: Floor 3 network printer is displaying 'Paper Jam Error 52' even though the internal tray is completely clear. No immediate workaround available; critical customer escalation.,Technical / IT Support,Medium
TCK-11765,User stated: Kindly increase maximum file upload limit from 10MB to 100MB to support uploading short debugging screen recordings. This is blocking the entire finance department from closing month-end accounts.,Feature Request,Low
TCK-12335,User stated: Assistance needed to configure corporate AWS CLI credentials and kubectl context on developer workstation. Visual bug only; functional workflows remain operational.,Technical / IT Support,Low
TCK-10245,Infinite loop / UI freeze occurs whenever a user attempts importing customer leads from Salesforce on on Firefox ESR 115. High severity as our SLA requires a resolution within 2 hours.,Bug / System Error,High
TCK-10226,Customer reports: Crash report: Worker thread terminated unexpectedly with HTTP 500 Internal Server Error while clicking the bulk submit button. This is blocking the entire finance department from closing month-end accounts.,Bug / System Error,Critical
TCK-11520,Customer reports: Can you support bulk employee CSV upload? Manually creating individual user accounts is too slow. High severity as our SLA requires a resolution within 2 hours.,Feature Request,High
TCK-11486,Inquiry received: Please grant Administrator privileges and workspace owner role to new hire t.tanaka@acmecorp.com. This is blocking the entire finance department from closing month-end accounts.,Account & Access,Medium
TCK-11833,Requesting comprehensive audit log viewer in the admin console to track configuration modifications. Causes immediate revenue loss and prevents checkout completion.,Feature Request,Medium
TCK-10810,Subscription auto-renewed without prior 30-day notice; requesting full refund for unused seat licenses. Causes immediate revenue loss and prevents checkout completion.,Billing & Payment,Medium
TCK-11533,"Inquiry received: Requesting Webhook support for ticket status updates so our engineering team can trigger custom Slack alerts. Affects more than 2,000 active concurrent users.",Feature Request,Medium
TCK-11990,Would appreciate an automated weekly email digest summarizing team performance and open ticket counts. Minor inconvenience for internal staff.,Feature Request,Critical
TCK-11388,Customer reports: Need help configuring Role-Based Access Control (RBAC) permissions for third-party auditing contractors. No immediate workaround available; critical customer escalation.,Account & Access,Low
TCK-11986,"Internal incident report: Please introduce keyboard navigation shortcuts (e.g., 'j/k' to traverse items, 'e' to archive) for power users. High severity as our SLA requires a resolution within 2 hours.",Feature Request,Low
TCK-10295,"Issue logged via web portal: Intermittent failure: uploading a 25MB CSV data file fails with SSL handshake failed: certificate expired for about 15% of requests. Affects more than 2,000 active concurrent users.",Bug / System Error,Medium
TCK-10126,Encountered a fatal crash during rendering the executive KPI dashboard. The screen went completely blank and logged HTTP 403 Forbidden - Access Denied. Causes immediate revenue loss and prevents checkout completion.,Bug / System Error,High
TCK-11353,"Please grant Administrator privileges and workspace owner role to new hire d.rossi@starkindustries.com. Affects more than 2,000 active concurrent users.",Account & Access,Medium
TCK-11667,Kindly increase maximum file upload limit from 10MB to 100MB to support uploading short debugging screen recordings. Minor inconvenience for internal staff.,Feature Request,Low
TCK-11261,User stated: Password reset link gives 'HTTP 400 Token Invalid or Expired' immediately upon opening. This is blocking the entire finance department from closing month-end accounts.,Account & Access,High
TCK-11223,Internal incident report: Two-Factor Authentication (2FA) SMS verification code is not being delivered to phone ending in 6355. Causes immediate revenue loss and prevents checkout completion.,Account & Access,Critical
TCK-11708,Please provide a public REST API endpoint allowing programmatic retrieval of workspace analytics metrics. Halts all production CI/CD deployments across engineering.,Feature Request,Medium
TCK-12345,"Support inquiry from tier-1: Outlook desktop app crashes repeatedly during startup with error 'MAPI32.DLL missing or corrupt'. Low impact, customer is just inquiring for future planning.",Technical / IT Support,Medium
TCK-10796,Payment gateway webhook failed after customer checkout; customer was charged but order shows unpaid. Causes immediate revenue loss and prevents checkout completion.,Billing & Payment,Critical
TCK-10019,"Client wrote: Encountered a fatal crash during processing payroll deductions for all employees. The screen went completely blank and logged SSL handshake failed: certificate expired. Low impact, customer is just inquiring for future planning.",Bug / System Error,High
TCK-11278,"User stated: User session randomly terminates every 3 minutes, forcing re-authentication on on mobile client iOS 17.4. Halts all production CI/CD deployments across engineering.",Account & Access,Medium
TCK-12392,Report from customer success: Assistance needed to configure corporate AWS CLI credentials and kubectl context on developer workstation. High severity as our SLA requires a resolution within 2 hours.,Technical / IT Support,Low
TCK-12298,Outlook desktop app crashes repeatedly during startup with error 'MAPI32.DLL missing or corrupt'. Halts all production CI/CD deployments across engineering.,Technical / IT Support,Medium
TCK-11408,Urgent assistance requested: Account locked after multiple failed attempts. Please unlock username 'a.patel' immediately. Visual bug only; functional workflows remain operational.,Account & Access,Medium
TCK-10274,Application crashes consistently when importing customer leads from Salesforce. Error message: 'SocketTimeoutException after 30000ms'. Environment: in staging environment. This is blocking the entire finance department from closing month-end accounts.,Bug / System Error,Critical
TCK-11803,Automated monitoring alert: Feature request: Allow custom branding and company logo white-labeling on client-facing export reports. No immediate workaround available; critical customer escalation.,Feature Request,Low
TCK-11753,"Support inquiry from tier-1: Feature request: Allow custom branding and company logo white-labeling on client-facing export reports. Affects more than 2,000 active concurrent users.",Feature Request,High
TCK-11442,Client wrote: Need help configuring Role-Based Access Control (RBAC) permissions for third-party auditing contractors. High severity as our SLA requires a resolution within 2 hours.,Account & Access,Low
TCK-11433,Inquiry received: Security escalation: Unusual login detected from unrecognized IP in foreign jurisdiction for account l.muller. Minor inconvenience for internal staff.,Account & Access,Critical
TCK-11148,"User session randomly terminates every 3 minutes, forcing re-authentication on on mobile client iOS 17.4. Halts all production CI/CD deployments across engineering.",Account & Access,Low
TCK-11946,Feature Request: Please add native Dark Mode support across the entire web application dashboard. Minor inconvenience for internal staff.,Feature Request,Low
TCK-11396,"Issue logged via web portal: Two-Factor Authentication (2FA) SMS verification code is not being delivered to phone ending in 6419. Low impact, customer is just inquiring for future planning.",Account & Access,Critical
TCK-10117,Intermittent failure: clicking the bulk submit button fails with OutOfMemoryError: Java heap space for about 15% of requests. High severity as our SLA requires a resolution within 2 hours.,Bug / System Error,Medium
TCK-12498,Inquiry received: Assistance needed to configure corporate AWS CLI credentials and kubectl context on developer workstation. No immediate workaround available; critical customer escalation.,Technical / IT Support,Low
TCK-10014,"Support inquiry from tier-1: Data corruption risk: After executing SQL query against reporting replica, previously saved records disappear from Notification Queue. Minor inconvenience for internal staff.",Bug / System Error,Critical
TCK-10221,"Critical alert logged: Bug discovered in Notification Queue: rendering the executive KPI dashboard yields incorrect calculation results. Low impact, customer is just inquiring for future planning.",Bug / System Error,Critical
TCK-10774,Customer reports: Cannot download tax / VAT invoice receipt for invoice #49089. Need it immediately for external audit. High severity as our SLA requires a resolution within 2 hours.,Billing & Payment,Medium
TCK-10166,"User stated: Encountered a fatal crash during executing SQL query against reporting replica. The screen went completely blank and logged OutOfMemoryError: Java heap space. Affects more than 2,000 active concurrent users.",Bug / System Error,High
TCK-11979,"Customer reports: Feature request: Allow custom branding and company logo white-labeling on client-facing export reports. Low impact, customer is just inquiring for future planning.",Feature Request,Low
TCK-10737,Issue logged via web portal: Credit card payment failed with code ERR_CARD_PROCESSOR_TIMEOUT for company Stark Industries. Causes immediate revenue loss and prevents checkout completion.,Billing & Payment,High
TCK-11936,We would love the ability to export all chart visualizations directly to high-res SVG or vector PDF. Causes immediate revenue loss and prevents checkout completion.,Feature Request,Low
TCK-10354,Infinite loop / UI freeze occurs whenever a user attempts importing customer leads from Salesforce on in internal Kubernetes namespace 'billing-prod'. Halts all production CI/CD deployments across engineering.,Bug / System Error,High
TCK-10285,Internal incident report: Crash report: Worker thread terminated unexpectedly with OutOfMemoryError: Java heap space while uploading a 25MB CSV data file. Halts all production CI/CD deployments across engineering.,Bug / System Error,Critical
TCK-10182,"Internal incident report: The export feature is generating corrupted, 0-byte files when uploading a 25MB CSV data file. Causes immediate revenue loss and prevents checkout completion.",Bug / System Error,Medium
TCK-12348,Report from customer success: Need replacement 90W USB-C AC power adapter for Dell Latitude laptop; current cable has a frayed wire. No immediate workaround available; critical customer escalation.,Technical / IT Support,Low
TCK-10991,"Please update our billing address to 999 Market St, Tokyo and re-send the invoice #34667. Causes immediate revenue loss and prevents checkout completion.",Billing & Payment,Low
TCK-10996,Helpdesk dispatch: Cannot download tax / VAT invoice receipt for invoice #62352. Need it immediately for external audit. Halts all production CI/CD deployments across engineering.,Billing & Payment,Medium
TCK-11485,"Report from customer success: User session randomly terminates every 3 minutes, forcing re-authentication on within the European data region eu-west-1. Affects more than 2,000 active concurrent users.",Account & Access,Medium
TCK-10358,"Crash report: Worker thread terminated unexpectedly with Deadlock detected in transaction #TX-9482 while saving nested profile permissions. Low impact, customer is just inquiring for future planning.",Bug / System Error,Critical
TCK-11491,Please grant Administrator privileges and workspace owner role to new hire a.patel@piedpiper.com. Halts all production CI/CD deployments across engineering.,Account & Access,Low
TCK-11614,"Internal incident report: Feature enhancement: Support multi-currency checkout (EUR, GBP, JPY, CAD) on the customer-facing billing page. Causes immediate revenue loss and prevents checkout completion.",Feature Request,Medium
TCK-11751,Feature request: Allow custom branding and company logo white-labeling on client-facing export reports. No immediate workaround available; critical customer escalation.,Feature Request,Critical
TCK-11390,Urgent assistance requested: Immediate offboarding request: Please revoke all API tokens and deactivate account for former staff d.rossi@massivedynamic.com. Visual bug only; functional workflows remain operational.,Account & Access,High
TCK-10532,Cannot download tax / VAT invoice receipt for invoice #75325. Need it immediately for external audit. High severity as our SLA requires a resolution within 2 hours.,Billing & Payment,Medium
TCK-11288,User stated: Please grant Administrator privileges and workspace owner role to new hire j.smith@initechllc.com. Minor inconvenience for internal staff.,Account & Access,Medium
TCK-11283,"Issue logged via web portal: Company-wide SSO login outage: Okta SAML returns 'Invalid assertion signature'. All employees locked out! Only affects a single user, but workaround is cumbersome.",Account & Access,Critical
TCK-10279,"Helpdesk dispatch: Intermittent failure: uploading a 25MB CSV data file fails with OutOfMemoryError: Java heap space for about 15% of requests. Low impact, customer is just inquiring for future planning.",Bug / System Error,Medium
TCK-10185,Search index seems desynchronized in Analytics Dashboard; new entries do not appear after executing SQL query against reporting replica. Minor inconvenience for internal staff.,Bug / System Error,Medium
TCK-12457,Direct message from enterprise admin: Outlook desktop app crashes repeatedly during startup with error 'MAPI32.DLL missing or corrupt'. This is blocking the entire finance department from closing month-end accounts.,Technical / IT Support,Medium
TCK-10861,Credit card payment failed with code ERR_CARD_PROCESSOR_TIMEOUT for company Stark Industries. Minor inconvenience for internal staff.,Billing & Payment,High
TCK-12254,Automated monitoring alert: Floor 3 network printer is displaying 'Paper Jam Error 52' even though the internal tray is completely clear. Minor inconvenience for internal staff.,Technical / IT Support,Low
TCK-10041,"The export feature is generating corrupted, 0-byte files when clicking the bulk submit button. This is blocking the entire finance department from closing month-end accounts.",Bug / System Error,Medium
TCK-10770,"Urgent assistance requested: Invoice #25004 has the incorrect legal entity tax ID. Please regenerate with GST/VAT #VAT-25004. Only affects a single user, but workaround is cumbersome.",Billing & Payment,Medium
TCK-12347,"User stated: Physical Ethernet port at desk #38 has no link light and does not assign a DHCP IP address. Only affects a single user, but workaround is cumbersome.",Technical / IT Support,Low
TCK-10486,Automated monitoring alert: Intermittent failure: invoking the batch synchronization API fails with HTTP 403 Forbidden - Access Denied for about 15% of requests. Causes immediate revenue loss and prevents checkout completion.,Bug / System Error,Medium
TCK-10136,"Issue logged via web portal: Data corruption risk: After filtering transaction logs by timestamp, previously saved records disappear from Notification Queue. No immediate workaround available; critical customer escalation.",Bug / System Error,Critical
TCK-11097,"Direct message from enterprise admin: Please grant Administrator privileges and workspace owner role to new hire k.chen@hoolitech.com. Only affects a single user, but workaround is cumbersome.",Account & Access,Medium
TCK-10955,Cannot download tax / VAT invoice receipt for invoice #60966. Need it immediately for external audit. High severity as our SLA requires a resolution within 2 hours.,Billing & Payment,High
TCK-11145,Inquiry received: Account locked after multiple failed attempts. Please unlock username 'j.smith' immediately. Minor inconvenience for internal staff.,Account & Access,Medium
TCK-11425,Account locked after multiple failed attempts. Please unlock username 'e.dubois' immediately. Visual bug only; functional workflows remain operational.,Account & Access,Medium
TCK-12337,"Local Docker desktop engine fails to start, reporting 'Hardware-assisted virtualization is disabled in UEFI'. High severity as our SLA requires a resolution within 2 hours.",Technical / IT Support,Medium
TCK-11095,Locked out of account. Password reset email never arrives for user d.rossi@hoolitech.com. Visual bug only; functional workflows remain operational.,Account & Access,High
TCK-10100,"Ticket opened by employee: Data corruption risk: After clicking the bulk submit button, previously saved records disappear from Analytics Dashboard. Visual bug only; functional workflows remain operational.",Bug / System Error,Critical
TCK-11040,Internal incident report: How can I transfer primary account ownership from e.dubois@umbrellacorp.com to finance@company.com? Causes immediate revenue loss and prevents checkout completion.,Account & Access,Low
TCK-12134,Internal code repository server (git.internal.corp) is completely unreachable; SSH connection timed out on port 22. Causes immediate revenue loss and prevents checkout completion.,Technical / IT Support,Critical
TCK-10016,"Report from customer success: Data corruption risk: After saving nested profile permissions, previously saved records disappear from Analytics Dashboard. High severity as our SLA requires a resolution within 2 hours.",Bug / System Error,Critical
TCK-11244,Client wrote: Locked out of account. Password reset email never arrives for user l.muller@initechllc.com. Visual bug only; functional workflows remain operational.,Account & Access,High
TCK-11010,Internal incident report: Security escalation: Unusual login detected from unrecognized IP in foreign jurisdiction for account a.patel. No immediate workaround available; critical customer escalation.,Account & Access,Critical
TCK-11883,Can you support bulk employee CSV upload? Manually creating individual user accounts is too slow. Halts all production CI/CD deployments across engineering.,Feature Request,Medium
TCK-12021,Issue logged via web portal: Need replacement 90W USB-C AC power adapter for Dell Latitude laptop; current cable has a frayed wire. No immediate workaround available; critical customer escalation.,Technical / IT Support,Low
TCK-12133,"Local Docker desktop engine fails to start, reporting 'Hardware-assisted virtualization is disabled in UEFI'. Affects more than 2,000 active concurrent users.",Technical / IT Support,Medium
TCK-10714,"Report from customer success: Subscription auto-renewed without prior 30-day notice; requesting full refund for unused seat licenses. Affects more than 2,000 active concurrent users.",Billing & Payment,Medium
TCK-11006,"User session randomly terminates every 3 minutes, forcing re-authentication on on dedicated AWS EC2 c5.4xlarge instance. Visual bug only; functional workflows remain operational.",Account & Access,Medium
TCK-12044,"CrowdStrike endpoint sensor is consuming 98% CPU continuously, causing laptop to freeze. Visual bug only; functional workflows remain operational.",Technical / IT Support,High
TCK-11195,How can I transfer primary account ownership from j.smith@starkindustries.com to finance@company.com? Causes immediate revenue loss and prevents checkout completion.,Account & Access,Low
TCK-11619,"Ticket opened by employee: Feature enhancement: Support multi-currency checkout (EUR, GBP, JPY, CAD) on the customer-facing billing page. Visual bug only; functional workflows remain operational.",Feature Request,Critical
TCK-12079,"User stated: Office Wi-Fi in the 4th floor engineering wing is suffering severe packet loss and DNS resolution timeouts. Affects more than 2,000 active concurrent users.",Technical / IT Support,High
TCK-11507,Direct message from enterprise admin: We would love the ability to export all chart visualizations directly to high-res SVG or vector PDF. This is blocking the entire finance department from closing month-end accounts.,Feature Request,Low
TCK-10269,"Helpdesk dispatch: Encountered a fatal crash during invoking the batch synchronization API. The screen went completely blank and logged Database connection pool exhausted. Affects more than 2,000 active concurrent users.",Bug / System Error,High
TCK-10475,Support inquiry from tier-1: Encountered a fatal crash during saving nested profile permissions. The screen went completely blank and logged Database connection pool exhausted. High severity as our SLA requires a resolution within 2 hours.,Bug / System Error,High
TCK-11455,Two-Factor Authentication (2FA) SMS verification code is not being delivered to phone ending in 9938. Visual bug only; functional workflows remain operational.,Account & Access,Critical
TCK-10474,"Helpdesk dispatch: Application crashes consistently when processing payroll deductions for all employees. Error message: 'Deadlock detected in transaction #TX-9482'. Environment: connecting through corporate Zscaler VPN. Only affects a single user, but workaround is cumbersome.",Bug / System Error,Critical
TCK-11069,"Customer reports: Received '403 Forbidden: Insufficient Permissions' when trying to access workspace 'Stark Industries' despite being admin. Low impact, customer is just inquiring for future planning.",Account & Access,Medium
TCK-11147,Automated monitoring alert: Security escalation: Unusual login detected from unrecognized IP in foreign jurisdiction for account t.tanaka. Halts all production CI/CD deployments across engineering.,Account & Access,Critical
TCK-10074,Customer reports: Encountered a fatal crash during executing SQL query against reporting replica. The screen went completely blank and logged ERR_CONNECTION_REFUSED on port 8080. Minor inconvenience for internal staff.,Bug / System Error,High
TCK-10779,"Support inquiry from tier-1: Disputed transaction: We were charged the Enterprise annual tier rate of $3,999 instead of monthly tier. This is blocking the entire finance department from closing month-end accounts.",Billing & Payment,High
TCK-10627,"Please update our billing address to 208 Market St, Sydney and re-send the invoice #46747. Visual bug only; functional workflows remain operational.",Billing & Payment,Low
TCK-12484,"Ticket opened by employee: Outlook desktop app crashes repeatedly during startup with error 'MAPI32.DLL missing or corrupt'. Only affects a single user, but workaround is cumbersome.",Technical / IT Support,Medium
TCK-10090,Support inquiry from tier-1: Application crashes consistently when clicking the bulk submit button. Error message: 'HTTP 401 Unauthorized'. Environment: in internal Kubernetes namespace 'billing-prod'. Causes immediate revenue loss and prevents checkout completion.,Bug / System Error,Critical
TCK-10008,Report from customer success: Unhandled exception thrown during uploading a 25MB CSV data file. Stack trace indicates ERR_CONNECTION_REFUSED on port 8080. on employee MacBook Pro (macOS Sonoma). Visual bug only; functional workflows remain operational.,Bug / System Error,High
TCK-10314,"Bug discovered in Batch Processing Worker: rendering the executive KPI dashboard yields incorrect calculation results. Low impact, customer is just inquiring for future planning.",Bug / System Error,Critical
TCK-10568,Payment gateway webhook failed after customer checkout; customer was charged but order shows unpaid. Visual bug only; functional workflows remain operational.,Billing & Payment,Critical
TCK-10416,UI regression: Form fields overlap and become unclickable in Search Backend when saving nested profile permissions. Minor inconvenience for internal staff.,Bug / System Error,Low
TCK-10463,Unhandled exception thrown during saving nested profile permissions. Stack trace indicates SSL handshake failed: certificate expired. within the European data region eu-west-1. No immediate workaround available; critical customer escalation.,Bug / System Error,High
TCK-10640,"Invoice #80645 has the incorrect legal entity tax ID. Please regenerate with GST/VAT #VAT-80645. Low impact, customer is just inquiring for future planning.",Billing & Payment,Medium
TCK-10394,"Unhandled exception thrown during generating the annual revenue reconciliation report. Stack trace indicates HTTP 500 Internal Server Error. on dedicated AWS EC2 c5.4xlarge instance. Low impact, customer is just inquiring for future planning.",Bug / System Error,Medium
TCK-12223,"Client wrote: Local Docker desktop engine fails to start, reporting 'Hardware-assisted virtualization is disabled in UEFI'. Causes immediate revenue loss and prevents checkout completion.",Technical / IT Support,Medium
TCK-10150,Bug discovered in Notification Queue: rendering the executive KPI dashboard yields incorrect calculation results. High severity as our SLA requires a resolution within 2 hours.,Bug / System Error,Critical
TCK-12067,Internal incident report: Requesting standard workstation hardware provisioning for incoming senior software engineer starting next week. Causes immediate revenue loss and prevents checkout completion.,Technical / IT Support,Low
TCK-11498,"Escalation notice: User session randomly terminates every 3 minutes, forcing re-authentication on on Ubuntu 22.04 LTS workstation. Causes immediate revenue loss and prevents checkout completion.",Account & Access,Medium
TCK-10826,"Escalation notice: Please update our billing address to 358 Market St, Sydney and re-send the invoice #84096. No immediate workaround available; critical customer escalation.",Billing & Payment,Low
TCK-10516,Urgent assistance requested: Requesting official formal price quote for expanding from 50 to 150 user licenses for Hooli Tech. Halts all production CI/CD deployments across engineering.,Billing & Payment,Low
TCK-12395,Customer reports: Dual external monitors are not recognized when connecting Lenovo ThinkPad to the USB-C docking station. Halts all production CI/CD deployments across engineering.,Technical / IT Support,Low
TCK-10786,"Issue logged via web portal: Payment gateway webhook failed after customer checkout; customer was charged but order shows unpaid. Affects more than 2,000 active concurrent users.",Billing & Payment,Critical
TCK-12478,Requesting standard workstation hardware provisioning for incoming senior software engineer starting next week. This is blocking the entire finance department from closing month-end accounts.,Technical / IT Support,Low
TCK-12285,"Issue logged via web portal: Local Docker desktop engine fails to start, reporting 'Hardware-assisted virtualization is disabled in UEFI'. Affects more than 2,000 active concurrent users.",Technical / IT Support,Medium
TCK-11143,"Please grant Administrator privileges and workspace owner role to new hire l.muller@umbrellacorp.com. Low impact, customer is just inquiring for future planning.",Account & Access,High
TCK-11891,Can you support bulk employee CSV upload? Manually creating individual user accounts is too slow. Causes immediate revenue loss and prevents checkout completion.,Feature Request,Medium
TCK-10689,Credit card payment failed with code ERR_CARD_PROCESSOR_TIMEOUT for company Stark Industries. Causes immediate revenue loss and prevents checkout completion.,Billing & Payment,High
TCK-11060,"Immediate offboarding request: Please revoke all API tokens and deactivate account for former staff t.tanaka@umbrellacorp.com. Low impact, customer is just inquiring for future planning.",Account & Access,Critical
TCK-11349,Locked out of account. Password reset email never arrives for user d.rossi@initechllc.com. Visual bug only; functional workflows remain operational.,Account & Access,High
TCK-11212,Immediate offboarding request: Please revoke all API tokens and deactivate account for former staff a.patel@umbrellacorp.com. High severity as our SLA requires a resolution within 2 hours.,Account & Access,High
TCK-10083,"Helpdesk dispatch: The export feature is generating corrupted, 0-byte files when invoking the batch synchronization API. Only affects a single user, but workaround is cumbersome.",Bug / System Error,Low
TCK-12178,"Support inquiry from tier-1: CrowdStrike endpoint sensor is consuming 98% CPU continuously, causing laptop to freeze. No immediate workaround available; critical customer escalation.",Technical / IT Support,Medium
TCK-11138,Escalation notice: Immediate offboarding request: Please revoke all API tokens and deactivate account for former staff j.smith@acmecorp.com. Causes immediate revenue loss and prevents checkout completion.,Account & Access,High
TCK-10557,"Direct message from enterprise admin: Please update our billing address to 116 Market St, San Francisco and re-send the invoice #11255. This is blocking the entire finance department from closing month-end accounts.",Billing & Payment,Low
TCK-10488,"Customer reports: Search index seems desynchronized in Search Backend; new entries do not appear after filtering transaction logs by timestamp. Low impact, customer is just inquiring for future planning.",Bug / System Error,Medium
TCK-10303,"Ticket opened by employee: The export feature is generating corrupted, 0-byte files when saving nested profile permissions. High severity as our SLA requires a resolution within 2 hours.",Bug / System Error,Medium
TCK-11488,"User session randomly terminates every 3 minutes, forcing re-authentication on in staging environment. No immediate workaround available; critical customer escalation.",Account & Access,Medium
TCK-11373,"Ticket opened by employee: User session randomly terminates every 3 minutes, forcing re-authentication on on employee MacBook Pro (macOS Sonoma). High severity as our SLA requires a resolution within 2 hours.",Account & Access,Medium
TCK-11534,Direct message from enterprise admin: Feature Request: Please add native Dark Mode support across the entire web application dashboard. Causes immediate revenue loss and prevents checkout completion.,Feature Request,Low
TCK-12317,Ticket opened by employee: Corporate VPN gateway is rejecting connections with 'TLS Handshake Failed'. Remote engineers cannot access servers. Minor inconvenience for internal staff.,Technical / IT Support,Critical
TCK-10154,Automated monitoring alert: Typo and visual bug: Text label displays 'Unkown Error' instead of valid status on Inventory Microservice.,Bug / System Error,Low
TCK-11325,Issue logged via web portal: Account locked after multiple failed attempts. Please unlock username 'l.muller' immediately. Causes immediate revenue loss and prevents checkout completion.,Account & Access,Medium
TCK-10425,Issue logged via web portal: Encountered a fatal crash during saving nested profile permissions. The screen went completely blank and logged SSL handshake failed: certificate expired. No immediate workaround available; critical customer escalation.,Bug / System Error,Medium
TCK-11304,Direct message from enterprise admin: Account locked after multiple failed attempts. Please unlock username 'l.muller' immediately. No immediate workaround available; critical customer escalation.,Account & Access,High
TCK-10216,Bug discovered in Notification Queue: clicking the bulk submit button yields incorrect calculation results. Visual bug only; functional workflows remain operational.,Bug / System Error,Critical
TCK-10642,Client wrote: Credit card payment failed with code ERR_CARD_PROCESSOR_TIMEOUT for company Globex Global. This is blocking the entire finance department from closing month-end accounts.,Billing & Payment,High
TCK-11976,Customer reports: Requesting Webhook support for ticket status updates so our engineering team can trigger custom Slack alerts. Visual bug only; functional workflows remain operational.,Feature Request,Medium
TCK-10480,Helpdesk dispatch: Application crashes consistently when saving nested profile permissions. Error message: 'Database connection pool exhausted'. Environment: via Android app v4.2.1. Minor inconvenience for internal staff.,Bug / System Error,Critical
TCK-11912,"Client wrote: Please introduce keyboard navigation shortcuts (e.g., 'j/k' to traverse items, 'e' to archive) for power users. Affects more than 2,000 active concurrent users.",Feature Request,Low
TCK-10609,Support inquiry from tier-1: Credit card payment failed with code ERR_CARD_PROCESSOR_TIMEOUT for company Hooli Tech. Causes immediate revenue loss and prevents checkout completion.,Billing & Payment,High
TCK-11592,"Please introduce keyboard navigation shortcuts (e.g., 'j/k' to traverse items, 'e' to archive) for power users. This is blocking the entire finance department from closing month-end accounts.",Feature Request,Low
TCK-10804,Direct message from enterprise admin: Invoice #59725 has the incorrect legal entity tax ID. Please regenerate with GST/VAT #VAT-59725. Minor inconvenience for internal staff.,Billing & Payment,Medium
TCK-10992,"Critical alert logged: Requesting official formal price quote for expanding from 50 to 150 user licenses for Massive Dynamic. Only affects a single user, but workaround is cumbersome.",Billing & Payment,Low
TCK-10043,Application crashes consistently when invoking the batch synchronization API. Error message: 'SocketTimeoutException after 30000ms'. Environment: on employee MacBook Pro (macOS Sonoma). Visual bug only; functional workflows remain operational.,Bug / System Error,Critical
TCK-11055,"Internal incident report: Security escalation: Unusual login detected from unrecognized IP in foreign jurisdiction for account d.rossi. Low impact, customer is just inquiring for future planning.",Account & Access,Critical
TCK-10814,"Report from customer success: Account marked past due and suspended, but wire transfer of $2,076 was completed 3 business days ago. Minor inconvenience for internal staff.",Billing & Payment,Critical
TCK-11358,Direct message from enterprise admin: Password reset link gives 'HTTP 400 Token Invalid or Expired' immediately upon opening. Minor inconvenience for internal staff.,Account & Access,High
TCK-10759,Subscription auto-renewed without prior 30-day notice; requesting full refund for unused seat licenses. High severity as our SLA requires a resolution within 2 hours.,Billing & Payment,Medium
TCK-11274,Customer reports: Locked out of account. Password reset email never arrives for user t.tanaka@initechllc.com. Visual bug only; functional workflows remain operational.,Account & Access,High
TCK-10698,"Please update our billing address to 613 Market St, Singapore and re-send the invoice #91719. No immediate workaround available; critical customer escalation.",Billing & Payment,Low
TCK-11183,"Immediate offboarding request: Please revoke all API tokens and deactivate account for former staff a.patel@cyberdynesystems.com. Only affects a single user, but workaround is cumbersome.",Account & Access,High
TCK-10108,Encountered a fatal crash during uploading a 25MB CSV data file. The screen went completely blank and logged Deadlock detected in transaction #TX-9482. High severity as our SLA requires a resolution within 2 hours.,Bug / System Error,High
TCK-12489,Helpdesk dispatch: Requesting standard workstation hardware provisioning for incoming senior software engineer starting next week. No immediate workaround available; critical customer escalation.,Technical / IT Support,Low
TCK-12012,Issue logged via web portal: Dual external monitors are not recognized when connecting Lenovo ThinkPad to the USB-C docking station. No immediate workaround available; critical customer escalation.,Technical / IT Support,Low
TCK-12278,Need replacement 90W USB-C AC power adapter for Dell Latitude laptop; current cable has a frayed wire. This is blocking the entire finance department from closing month-end accounts.,Technical / IT Support,Medium
TCK-11335,Internal incident report: Password reset link gives 'HTTP 400 Token Invalid or Expired' immediately upon opening. Halts all production CI/CD deployments across engineering.,Account & Access,High
TCK-11493,"Support inquiry from tier-1: Security escalation: Unusual login detected from unrecognized IP in foreign jurisdiction for account m.garcia. Only affects a single user, but workaround is cumbersome.",Account & Access,Critical
TCK-12198,Report from customer success: Need replacement 90W USB-C AC power adapter for Dell Latitude laptop; current cable has a frayed wire. Visual bug only; functional workflows remain operational.,Technical / IT Support,Low
TCK-11350,Immediate offboarding request: Please revoke all API tokens and deactivate account for former staff d.rossi@acmecorp.com. Halts all production CI/CD deployments across engineering.,Account & Access,Medium
TCK-10462,Critical alert logged: Search index seems desynchronized in Ingestion Pipeline; new entries do not appear after clicking the bulk submit button. Minor inconvenience for internal staff.,Bug / System Error,Medium
TCK-11642,Urgent assistance requested: Requesting Webhook support for ticket status updates so our engineering team can trigger custom Slack alerts. This is blocking the entire finance department from closing month-end accounts.,Feature Request,Medium
TCK-11880,"We would love the ability to export all chart visualizations directly to high-res SVG or vector PDF. Low impact, customer is just inquiring for future planning.",Feature Request,Low
TCK-10924,"Direct message from enterprise admin: Account marked past due and suspended, but wire transfer of $1,867 was completed 3 business days ago. Affects more than 2,000 active concurrent users.",Billing & Payment,Critical
TCK-11705,Please provide a public REST API endpoint allowing programmatic retrieval of workspace analytics metrics. Causes immediate revenue loss and prevents checkout completion.,Feature Request,Medium
TCK-11121,Issue logged via web portal: Locked out of account. Password reset email never arrives for user e.dubois@wayneenterprises.com. No immediate workaround available; critical customer escalation.,Account & Access,High
TCK-12018,"Need replacement 90W USB-C AC power adapter for Dell Latitude laptop; current cable has a frayed wire. Affects more than 2,000 active concurrent users.",Technical / IT Support,Low
TCK-10554,"Critical alert logged: Cannot download tax / VAT invoice receipt for invoice #95597. Need it immediately for external audit. Only affects a single user, but workaround is cumbersome.",Billing & Payment,Medium
TCK-11173,Need help configuring Role-Based Access Control (RBAC) permissions for third-party auditing contractors. Visual bug only; functional workflows remain operational.,Account & Access,Low
TCK-12019,"Automated monitoring alert: Dual external monitors are not recognized when connecting Lenovo ThinkPad to the USB-C docking station. Low impact, customer is just inquiring for future planning.",Technical / IT Support,Low
TCK-11101,"Client wrote: User session randomly terminates every 3 minutes, forcing re-authentication on on Ubuntu 22.04 LTS workstation. High severity as our SLA requires a resolution within 2 hours.",Account & Access,Medium
TCK-11771,"Issue logged via web portal: Please introduce keyboard navigation shortcuts (e.g., 'j/k' to traverse items, 'e' to archive) for power users. Low impact, customer is just inquiring for future planning.",Feature Request,Low
TCK-11172,Two-Factor Authentication (2FA) SMS verification code is not being delivered to phone ending in 8113. No immediate workaround available; critical customer escalation.,Account & Access,Low
TCK-10325,Support inquiry from tier-1: Encountered a fatal crash during clicking the bulk submit button. The screen went completely blank and logged HTTP 403 Forbidden - Access Denied. Minor inconvenience for internal staff.,Bug / System Error,High
TCK-11786,Internal incident report: Feature Request: Please add native Dark Mode support across the entire web application dashboard. Visual bug only; functional workflows remain operational.,Feature Request,Medium
TCK-12296,Critical alert logged: Corporate VPN gateway is rejecting connections with 'TLS Handshake Failed'. Remote engineers cannot access servers. Causes immediate revenue loss and prevents checkout completion.,Technical / IT Support,Critical
TCK-10456,Helpdesk dispatch: Crash report: Worker thread terminated unexpectedly with HTTP 504 Gateway Timeout while saving nested profile permissions. High severity as our SLA requires a resolution within 2 hours.,Bug / System Error,Critical
TCK-11030,Please grant Administrator privileges and workspace owner role to new hire a.patel@acmecorp.com. Visual bug only; functional workflows remain operational.,Account & Access,Medium
TCK-11132,"Two-Factor Authentication (2FA) SMS verification code is not being delivered to phone ending in 9523. Affects more than 2,000 active concurrent users.",Account & Access,Critical
TCK-10125,Infinite loop / UI freeze occurs whenever a user attempts executing SQL query against reporting replica on within the European data region eu-west-1. No immediate workaround available; critical customer escalation.,Bug / System Error,High
TCK-11480,Internal incident report: Company-wide SSO login outage: Okta SAML returns 'Invalid assertion signature'. All employees locked out! Visual bug only; functional workflows remain operational.,Account & Access,Medium
TCK-10203,Unhandled exception thrown during saving nested profile permissions. Stack trace indicates OutOfMemoryError: Java heap space. on production cluster us-east-1. No immediate workaround available; critical customer escalation.,Bug / System Error,High
TCK-10772,"Please update our billing address to 933 Market St, Tokyo and re-send the invoice #36678. Causes immediate revenue loss and prevents checkout completion.",Billing & Payment,Low
TCK-11528,"Client wrote: Feature enhancement: Support multi-currency checkout (EUR, GBP, JPY, CAD) on the customer-facing billing page. Visual bug only; functional workflows remain operational.",Feature Request,Medium
TCK-11663,Report from customer success: Please provide a public REST API endpoint allowing programmatic retrieval of workspace analytics metrics. Causes immediate revenue loss and prevents checkout completion.,Feature Request,Medium
TCK-11882,Please provide a public REST API endpoint allowing programmatic retrieval of workspace analytics metrics. No immediate workaround available; critical customer escalation.,Feature Request,Medium
TCK-12093,"Corporate VPN gateway is rejecting connections with 'TLS Handshake Failed'. Remote engineers cannot access servers. Low impact, customer is just inquiring for future planning.",Technical / IT Support,Critical
TCK-10847,"Direct message from enterprise admin: Cannot download tax / VAT invoice receipt for invoice #37190. Need it immediately for external audit. Only affects a single user, but workaround is cumbersome.",Billing & Payment,Medium
TCK-11512,"User stated: Can we add granular tag-based filtering and custom multi-select fields to the main ticket view? Affects more than 2,000 active concurrent users.",Feature Request,Low
TCK-12268,Inquiry received: Assistance needed to configure corporate AWS CLI credentials and kubectl context on developer workstation. This is blocking the entire finance department from closing month-end accounts.,Technical / IT Support,Low
TCK-11205,Please grant Administrator privileges and workspace owner role to new hire d.rossi@cyberdynesystems.com. No immediate workaround available; critical customer escalation.,Account & Access,Medium
TCK-10262,Bug discovered in Ingestion Pipeline: uploading a 25MB CSV data file yields incorrect calculation results. Halts all production CI/CD deployments across engineering.,Bug / System Error,Critical
TCK-10509,Critical alert logged: Need clarification on line-item usage charges for data egress on current monthly billing statement. Minor inconvenience for internal staff.,Billing & Payment,Low
TCK-10177,Ticket opened by employee: Typo and visual bug: Text label displays 'Unkown Error' instead of valid status on Search Backend.,Bug / System Error,Low
TCK-11418,User stated: Immediate offboarding request: Please revoke all API tokens and deactivate account for former staff k.chen@cyberdynesystems.com. Halts all production CI/CD deployments across engineering.,Account & Access,High
TCK-11759,"Can we add granular tag-based filtering and custom multi-select fields to the main ticket view? Only affects a single user, but workaround is cumbersome.",Feature Request,Low
TCK-10842,Need clarification on line-item usage charges for data egress on current monthly billing statement. Minor inconvenience for internal staff.,Billing & Payment,Low
TCK-11866,Issue logged via web portal: Please provide a public REST API endpoint allowing programmatic retrieval of workspace analytics metrics. High severity as our SLA requires a resolution within 2 hours.,Feature Request,Medium
TCK-11359,Two-Factor Authentication (2FA) SMS verification code is not being delivered to phone ending in 5060. High severity as our SLA requires a resolution within 2 hours.,Account & Access,Critical
TCK-12490,Automated monitoring alert: Corporate VPN gateway is rejecting connections with 'TLS Handshake Failed'. Remote engineers cannot access servers. Halts all production CI/CD deployments across engineering.,Technical / IT Support,Critical
TCK-12113,"Escalation notice: Local Docker desktop engine fails to start, reporting 'Hardware-assisted virtualization is disabled in UEFI'. High severity as our SLA requires a resolution within 2 hours.",Technical / IT Support,Medium
TCK-11503,Inquiry received: We would love the ability to export all chart visualizations directly to high-res SVG or vector PDF. High severity as our SLA requires a resolution within 2 hours.,Feature Request,Low
TCK-12271,"Helpdesk dispatch: Physical Ethernet port at desk #38 has no link light and does not assign a DHCP IP address. Low impact, customer is just inquiring for future planning.",Technical / IT Support,Low
TCK-10236,"Support inquiry from tier-1: Data corruption risk: After generating the annual revenue reconciliation report, previously saved records disappear from Batch Processing Worker. Only affects a single user, but workaround is cumbersome.",Bug / System Error,Critical
TCK-11577,"Ticket opened by employee: Kindly increase maximum file upload limit from 10MB to 100MB to support uploading short debugging screen recordings. Low impact, customer is just inquiring for future planning.",Feature Request,Low
TCK-10355,"Intermittent failure: invoking the batch synchronization API fails with SSL handshake failed: certificate expired for about 15% of requests. Affects more than 2,000 active concurrent users.",Bug / System Error,Medium
TCK-11984,"Please introduce keyboard navigation shortcuts (e.g., 'j/k' to traverse items, 'e' to archive) for power users. No immediate workaround available; critical customer escalation.",Feature Request,Low
TCK-11214,User stated: Company-wide SSO login outage: Okta SAML returns 'Invalid assertion signature'. All employees locked out! Halts all production CI/CD deployments across engineering.,Account & Access,High
TCK-12415,Urgent assistance requested: Outlook desktop app crashes repeatedly during startup with error 'MAPI32.DLL missing or corrupt'. No immediate workaround available; critical customer escalation.,Technical / IT Support,Medium
TCK-11150,Account locked after multiple failed attempts. Please unlock username 'j.smith' immediately. High severity as our SLA requires a resolution within 2 hours.,Account & Access,Medium
TCK-10251,Intermittent failure: rendering the executive KPI dashboard fails with HTTP 403 Forbidden - Access Denied for about 15% of requests. High severity as our SLA requires a resolution within 2 hours.,Bug / System Error,Medium
TCK-11035,Internal incident report: Received '403 Forbidden: Insufficient Permissions' when trying to access workspace 'Acme Corp' despite being admin. Halts all production CI/CD deployments across engineering.,Account & Access,Medium
TCK-11398,"Escalation notice: Please grant Administrator privileges and workspace owner role to new hire a.patel@globexglobal.com. Affects more than 2,000 active concurrent users.",Account & Access,Medium
TCK-10022,Escalation notice: Crash report: Worker thread terminated unexpectedly with HTTP 401 Unauthorized while uploading a 25MB CSV data file. Causes immediate revenue loss and prevents checkout completion.,Bug / System Error,Critical
TCK-10633,"Urgent assistance requested: Invoice #96409 has the incorrect legal entity tax ID. Please regenerate with GST/VAT #VAT-96409. Only affects a single user, but workaround is cumbersome.",Billing & Payment,Medium
TCK-12164,Critical alert logged: Internal code repository server (git.internal.corp) is completely unreachable; SSH connection timed out on port 22. This is blocking the entire finance department from closing month-end accounts.,Technical / IT Support,Critical
TCK-11773,"Escalation notice: Please introduce keyboard navigation shortcuts (e.g., 'j/k' to traverse items, 'e' to archive) for power users. This is blocking the entire finance department from closing month-end accounts.",Feature Request,Low
TCK-12073,"Physical Ethernet port at desk #38 has no link light and does not assign a DHCP IP address. Affects more than 2,000 active concurrent users.",Technical / IT Support,Low
TCK-11031,Please grant Administrator privileges and workspace owner role to new hire j.smith@acmecorp.com. Causes immediate revenue loss and prevents checkout completion.,Account & Access,Medium
TCK-12057,Helpdesk dispatch: Requesting standard workstation hardware provisioning for incoming senior software engineer starting next week. Causes immediate revenue loss and prevents checkout completion.,Technical / IT Support,Low
TCK-10491,Automated monitoring alert: Unhandled exception thrown during filtering transaction logs by timestamp. Stack trace indicates Deadlock detected in transaction #TX-9482. via Android app v4.2.1. High severity as our SLA requires a resolution within 2 hours.,Bug / System Error,Medium
TCK-11309,Password reset link gives 'HTTP 400 Token Invalid or Expired' immediately upon opening. Halts all production CI/CD deployments across engineering.,Account & Access,High
TCK-11066,Ticket opened by employee: Company-wide SSO login outage: Okta SAML returns 'Invalid assertion signature'. All employees locked out! This is blocking the entire finance department from closing month-end accounts.,Account & Access,High
TCK-10573,Payment gateway webhook failed after customer checkout; customer was charged but order shows unpaid. This is blocking the entire finance department from closing month-end accounts.,Billing & Payment,Critical
TCK-11160,Security escalation: Unusual login detected from unrecognized IP in foreign jurisdiction for account m.garcia. This is blocking the entire finance department from closing month-end accounts.,Account & Access,Critical
TCK-11209,Direct message from enterprise admin: Account locked after multiple failed attempts. Please unlock username 't.tanaka' immediately. Minor inconvenience for internal staff.,Account & Access,Medium
TCK-11397,Urgent assistance requested: Received '403 Forbidden: Insufficient Permissions' when trying to access workspace 'Acme Corp' despite being admin. No immediate workaround available; critical customer escalation.,Account & Access,Medium
TCK-11168,"Inquiry received: Account locked after multiple failed attempts. Please unlock username 't.tanaka' immediately. Only affects a single user, but workaround is cumbersome.",Account & Access,Medium
TCK-11831,Would appreciate an automated weekly email digest summarizing team performance and open ticket counts. High severity as our SLA requires a resolution within 2 hours.,Feature Request,Low
TCK-11558,"Inquiry received: Please introduce keyboard navigation shortcuts (e.g., 'j/k' to traverse items, 'e' to archive) for power users. Halts all production CI/CD deployments across engineering.",Feature Request,Low
TCK-11876,User stated: Would appreciate an automated weekly email digest summarizing team performance and open ticket counts. Visual bug only; functional workflows remain operational.,Feature Request,Low
TCK-11247,Locked out of account. Password reset email never arrives for user j.smith@acmecorp.com. No immediate workaround available; critical customer escalation.,Account & Access,Low
TCK-11319,"Direct message from enterprise admin: User session randomly terminates every 3 minutes, forcing re-authentication on in staging environment. No immediate workaround available; critical customer escalation.",Account & Access,Medium
TCK-11585,"Inquiry received: Would appreciate an automated weekly email digest summarizing team performance and open ticket counts. Only affects a single user, but workaround is cumbersome.",Feature Request,Low
TCK-10181,"Report from customer success: Data corruption risk: After invoking the batch synchronization API, previously saved records disappear from Ingestion Pipeline. Affects more than 2,000 active concurrent users.",Bug / System Error,Critical
TCK-11804,"Can we add granular tag-based filtering and custom multi-select fields to the main ticket view? Affects more than 2,000 active concurrent users.",Feature Request,Low
TCK-10623,"Direct message from enterprise admin: Our corporate account was billed twice for invoice #13365. Total overcharge is $1,056. Halts all production CI/CD deployments across engineering.",Billing & Payment,High
TCK-10484,Helpdesk dispatch: UI regression: Form fields overlap and become unclickable in Analytics Dashboard when rendering the executive KPI dashboard. This is blocking the entire finance department from closing month-end accounts.,Bug / System Error,Low
TCK-11729,Escalation notice: Can you support bulk employee CSV upload? Manually creating individual user accounts is too slow. Halts all production CI/CD deployments across engineering.,Feature Request,Medium
TCK-12391,"Critical alert logged: Need replacement 90W USB-C AC power adapter for Dell Latitude laptop; current cable has a frayed wire. Only affects a single user, but workaround is cumbersome.",Technical / IT Support,Low
TCK-11203,Locked out of account. Password reset email never arrives for user l.muller@massivedynamic.com. This is blocking the entire finance department from closing month-end accounts.,Account & Access,High
TCK-10788,"Invoice #27284 has the incorrect legal entity tax ID. Please regenerate with GST/VAT #VAT-27284. Affects more than 2,000 active concurrent users.",Billing & Payment,Medium
TCK-10058,Issue logged via web portal: Intermittent failure: generating the annual revenue reconciliation report fails with HTTP 401 Unauthorized for about 15% of requests. Halts all production CI/CD deployments across engineering.,Bug / System Error,Medium
TCK-10046,"Client wrote: The export feature is generating corrupted, 0-byte files when saving nested profile permissions. Only affects a single user, but workaround is cumbersome.",Bug / System Error,Medium
TCK-11155,Account locked after multiple failed attempts. Please unlock username 'j.smith' immediately. No immediate workaround available; critical customer escalation.,Account & Access,Medium
TCK-11210,"Client wrote: Immediate offboarding request: Please revoke all API tokens and deactivate account for former staff l.muller@initechllc.com. Only affects a single user, but workaround is cumbersome.",Account & Access,High
TCK-10253,Search index seems desynchronized in Checkout Service; new entries do not appear after clicking the bulk submit button. Minor inconvenience for internal staff.,Bug / System Error,Medium
TCK-10230,Infinite loop / UI freeze occurs whenever a user attempts executing SQL query against reporting replica on connecting through corporate Zscaler VPN. Causes immediate revenue loss and prevents checkout completion.,Bug / System Error,High
TCK-10538,Escalation notice: Cannot download tax / VAT invoice receipt for invoice #13069. Need it immediately for external audit. Halts all production CI/CD deployments across engineering.,Billing & Payment,Medium
TCK-10696,Direct message from enterprise admin: Our corporate account was billed twice for invoice #98432. Total overcharge is $847. Halts all production CI/CD deployments across engineering.,Billing & Payment,High
TCK-12368,Escalation notice: Corporate VPN gateway is rejecting connections with 'TLS Handshake Failed'. Remote engineers cannot access servers. High severity as our SLA requires a resolution within 2 hours.,Technical / IT Support,Critical
TCK-11260,Customer reports: Company-wide SSO login outage: Okta SAML returns 'Invalid assertion signature'. All employees locked out! Minor inconvenience for internal staff.,Account & Access,Critical
TCK-10555,Direct message from enterprise admin: Payment gateway webhook failed after customer checkout; customer was charged but order shows unpaid. High severity as our SLA requires a resolution within 2 hours.,Billing & Payment,High
TCK-10278,Direct message from enterprise admin: Bug discovered in Inventory Microservice: importing customer leads from Salesforce yields incorrect calculation results. High severity as our SLA requires a resolution within 2 hours.,Bug / System Error,Critical
TCK-10496,"Escalation notice: Application crashes consistently when filtering transaction logs by timestamp. Error message: 'OutOfMemoryError: Java heap space'. Environment: on mobile client iOS 17.4. Only affects a single user, but workaround is cumbersome.",Bug / System Error,Critical
TCK-11037,Ticket opened by employee: Password reset link gives 'HTTP 400 Token Invalid or Expired' immediately upon opening. This is blocking the entire finance department from closing month-end accounts.,Account & Access,High
TCK-11581,"Feature enhancement: Support multi-currency checkout (EUR, GBP, JPY, CAD) on the customer-facing billing page. Low impact, customer is just inquiring for future planning.",Feature Request,Medium
TCK-12143,"Inquiry received: Office Wi-Fi in the 4th floor engineering wing is suffering severe packet loss and DNS resolution timeouts. Affects more than 2,000 active concurrent users.",Technical / IT Support,Medium
TCK-10953,"Please update our billing address to 286 Market St, Tokyo and re-send the invoice #59042. Low impact, customer is just inquiring for future planning.",Billing & Payment,Low
TCK-12420,Direct message from enterprise admin: Assistance needed to configure corporate AWS CLI credentials and kubectl context on developer workstation. Minor inconvenience for internal staff.,Technical / IT Support,Low
TCK-10453,Urgent assistance requested: Bug discovered in Checkout Service: clicking the bulk submit button yields incorrect calculation results. Halts all production CI/CD deployments across engineering.,Bug / System Error,Critical
TCK-11321,Received '403 Forbidden: Insufficient Permissions' when trying to access workspace 'Pied Piper' despite being admin. Minor inconvenience for internal staff.,Account & Access,Medium
TCK-11311,"Locked out of account. Password reset email never arrives for user a.patel@hoolitech.com. Low impact, customer is just inquiring for future planning.",Account & Access,High
TCK-11151,Security escalation: Unusual login detected from unrecognized IP in foreign jurisdiction for account e.dubois. This is blocking the entire finance department from closing month-end accounts.,Account & Access,Critical
TCK-10342,"Search index seems desynchronized in Reporting Engine; new entries do not appear after processing payroll deductions for all employees. Affects more than 2,000 active concurrent users.",Bug / System Error,Low
TCK-10015,Ticket opened by employee: Infinite loop / UI freeze occurs whenever a user attempts generating the annual revenue reconciliation report on in internal Kubernetes namespace 'billing-prod'. Causes immediate revenue loss and prevents checkout completion.,Bug / System Error,High
TCK-11948,Report from customer success: Would appreciate an automated weekly email digest summarizing team performance and open ticket counts. No immediate workaround available; critical customer escalation.,Feature Request,Low
TCK-10301,"Internal incident report: Data corruption risk: After importing customer leads from Salesforce, previously saved records disappear from Inventory Microservice. Minor inconvenience for internal staff.",Bug / System Error,Critical
TCK-10871,Need clarification on line-item usage charges for data egress on current monthly billing statement. Visual bug only; functional workflows remain operational.,Billing & Payment,Low
TCK-10347,Application crashes consistently when importing customer leads from Salesforce. Error message: 'HTTP 403 Forbidden - Access Denied'. Environment: connecting through corporate Zscaler VPN. Halts all production CI/CD deployments across engineering.,Bug / System Error,Critical
TCK-10162,Client wrote: UI regression: Form fields overlap and become unclickable in Analytics Dashboard when filtering transaction logs by timestamp. This is blocking the entire finance department from closing month-end accounts.,Bug / System Error,Low
TCK-10420,"Client wrote: Unhandled exception thrown during generating the annual revenue reconciliation report. Stack trace indicates HTTP 500 Internal Server Error. connecting through corporate Zscaler VPN. Affects more than 2,000 active concurrent users.",Bug / System Error,High
TCK-11134,Security escalation: Unusual login detected from unrecognized IP in foreign jurisdiction for account k.chen. Causes immediate revenue loss and prevents checkout completion.,Account & Access,Critical
TCK-12323,Critical alert logged: Internal code repository server (git.internal.corp) is completely unreachable; SSH connection timed out on port 22. Halts all production CI/CD deployments across engineering.,Technical / IT Support,Critical
TCK-10921,"Please update our billing address to 430 Market St, New York and re-send the invoice #92406. Affects more than 2,000 active concurrent users.",Billing & Payment,Low
TCK-10399,"Customer reports: The export feature is generating corrupted, 0-byte files when executing SQL query against reporting replica. Halts all production CI/CD deployments across engineering.",Bug / System Error,Critical
TCK-11112,Need help configuring Role-Based Access Control (RBAC) permissions for third-party auditing contractors. High severity as our SLA requires a resolution within 2 hours.,Account & Access,Low
TCK-12294,"Escalation notice: Internal code repository server (git.internal.corp) is completely unreachable; SSH connection timed out on port 22. Affects more than 2,000 active concurrent users.",Technical / IT Support,Critical
TCK-11671,"Automated monitoring alert: Please provide a public REST API endpoint allowing programmatic retrieval of workspace analytics metrics. Low impact, customer is just inquiring for future planning.",Feature Request,Medium
TCK-11847,"Feature enhancement: Support multi-currency checkout (EUR, GBP, JPY, CAD) on the customer-facing billing page. Affects more than 2,000 active concurrent users.",Feature Request,Medium
TCK-11726,Requesting comprehensive audit log viewer in the admin console to track configuration modifications. This is blocking the entire finance department from closing month-end accounts.,Feature Request,Medium
TCK-11774,Customer reports: Feature request: Allow custom branding and company logo white-labeling on client-facing export reports. This is blocking the entire finance department from closing month-end accounts.,Feature Request,Low
TCK-11316,Critical alert logged: Password reset link gives 'HTTP 400 Token Invalid or Expired' immediately upon opening. Minor inconvenience for internal staff.,Account & Access,High
TCK-11265,How can I transfer primary account ownership from k.chen@starkindustries.com to finance@company.com? Visual bug only; functional workflows remain operational.,Account & Access,Medium
TCK-10976,"Disputed transaction: We were charged the Enterprise annual tier rate of $3,587 instead of monthly tier. Visual bug only; functional workflows remain operational.",Billing & Payment,High
TCK-12064,"Inquiry received: Assistance needed to configure corporate AWS CLI credentials and kubectl context on developer workstation. Only affects a single user, but workaround is cumbersome.",Technical / IT Support,Low
TCK-10978,Please remove expired corporate credit card ending in 6133 and assign the new Amex as default. This is blocking the entire finance department from closing month-end accounts.,Billing & Payment,Low
TCK-10205,User stated: Infinite loop / UI freeze occurs whenever a user attempts processing payroll deductions for all employees on on dedicated AWS EC2 c5.4xlarge instance. High severity as our SLA requires a resolution within 2 hours.,Bug / System Error,High
TCK-10129,"Internal incident report: Infinite loop / UI freeze occurs whenever a user attempts executing SQL query against reporting replica on on corporate Lenovo ThinkPad T14. Only affects a single user, but workaround is cumbersome.",Bug / System Error,High
TCK-11392,"Client wrote: User session randomly terminates every 3 minutes, forcing re-authentication on on Firefox ESR 115. This is blocking the entire finance department from closing month-end accounts.",Account & Access,Medium
TCK-10713,Inquiry received: Invoice #90774 has the incorrect legal entity tax ID. Please regenerate with GST/VAT #VAT-90774. This is blocking the entire finance department from closing month-end accounts.,Billing & Payment,Medium
TCK-11531,Issue logged via web portal: Feature Request: Please add native Dark Mode support across the entire web application dashboard. Halts all production CI/CD deployments across engineering.,Feature Request,Low
TCK-12462,Helpdesk dispatch: Need replacement 90W USB-C AC power adapter for Dell Latitude laptop; current cable has a frayed wire. High severity as our SLA requires a resolution within 2 hours.,Technical / IT Support,Low
TCK-10252,Typo and visual bug: Text label displays 'Unkown Error' instead of valid status on Search Backend.,Bug / System Error,Low
TCK-11271,Locked out of account. Password reset email never arrives for user a.patel@globexglobal.com. Minor inconvenience for internal staff.,Account & Access,Critical
TCK-11232,Urgent assistance requested: How can I transfer primary account ownership from a.patel@initechllc.com to finance@company.com? This is blocking the entire finance department from closing month-end accounts.,Account & Access,Low
TCK-10729,Cannot download tax / VAT invoice receipt for invoice #26030. Need it immediately for external audit. No immediate workaround available; critical customer escalation.,Billing & Payment,Medium
TCK-12201,Inquiry received: Physical Ethernet port at desk #38 has no link light and does not assign a DHCP IP address. No immediate workaround available; critical customer escalation.,Technical / IT Support,Low
TCK-10816,Escalation notice: Requesting official formal price quote for expanding from 50 to 150 user licenses for Acme Corp. Visual bug only; functional workflows remain operational.,Billing & Payment,Low
TCK-10567,Cannot download tax / VAT invoice receipt for invoice #83303. Need it immediately for external audit. This is blocking the entire finance department from closing month-end accounts.,Billing & Payment,Medium
TCK-10748,Inquiry received: Please remove expired corporate credit card ending in 2538 and assign the new Amex as default. High severity as our SLA requires a resolution within 2 hours.,Billing & Payment,Low
TCK-12022,"Ticket opened by employee: Office Wi-Fi in the 4th floor engineering wing is suffering severe packet loss and DNS resolution timeouts. Only affects a single user, but workaround is cumbersome.",Technical / IT Support,High
TCK-12460,Internal code repository server (git.internal.corp) is completely unreachable; SSH connection timed out on port 22. This is blocking the entire finance department from closing month-end accounts.,Technical / IT Support,Low
TCK-10060,Typo and visual bug: Text label displays 'Unkown Error' instead of valid status on Batch Processing Worker.,Bug / System Error,Critical
TCK-12135,Support inquiry from tier-1: Need replacement 90W USB-C AC power adapter for Dell Latitude laptop; current cable has a frayed wire. Causes immediate revenue loss and prevents checkout completion.,Technical / IT Support,High
TCK-10402,"Client wrote: Intermittent failure: executing SQL query against reporting replica fails with OutOfMemoryError: Java heap space for about 15% of requests. Affects more than 2,000 active concurrent users.",Bug / System Error,Medium
TCK-10052,Automated monitoring alert: Unhandled exception thrown during clicking the bulk submit button. Stack trace indicates HTTP 504 Gateway Timeout. on production cluster us-east-1. Visual bug only; functional workflows remain operational.,Bug / System Error,High
TCK-10965,Report from customer success: Need clarification on line-item usage charges for data egress on current monthly billing statement. Causes immediate revenue loss and prevents checkout completion.,Billing & Payment,Low
TCK-11113,Support inquiry from tier-1: Need help configuring Role-Based Access Control (RBAC) permissions for third-party auditing contractors. Visual bug only; functional workflows remain operational.,Account & Access,Low
TCK-10277,"Bug discovered in Search Backend: importing customer leads from Salesforce yields incorrect calculation results. Affects more than 2,000 active concurrent users.",Bug / System Error,Critical
TCK-11410,Security escalation: Unusual login detected from unrecognized IP in foreign jurisdiction for account t.tanaka. Halts all production CI/CD deployments across engineering.,Account & Access,Critical
TCK-10865,"Credit card payment failed with code ERR_CARD_PROCESSOR_TIMEOUT for company Cyberdyne Systems. Only affects a single user, but workaround is cumbersome.",Billing & Payment,High
TCK-10907,"Ticket opened by employee: Cannot download tax / VAT invoice receipt for invoice #85292. Need it immediately for external audit. Affects more than 2,000 active concurrent users.",Billing & Payment,Medium
TCK-10242,Automated monitoring alert: Encountered a fatal crash during importing customer leads from Salesforce. The screen went completely blank and logged Database connection pool exhausted. Visual bug only; functional workflows remain operational.,Bug / System Error,High
TCK-11973,Client wrote: Please provide a public REST API endpoint allowing programmatic retrieval of workspace analytics metrics. Minor inconvenience for internal staff.,Feature Request,Medium
TCK-11415,"Critical alert logged: User session randomly terminates every 3 minutes, forcing re-authentication on on corporate Lenovo ThinkPad T14. Affects more than 2,000 active concurrent users.",Account & Access,Medium
TCK-10564,"Automated monitoring alert: Account marked past due and suspended, but wire transfer of $2,097 was completed 3 business days ago. Visual bug only; functional workflows remain operational.",Billing & Payment,Critical
TCK-10940,Credit card payment failed with code ERR_CARD_PROCESSOR_TIMEOUT for company Massive Dynamic. Visual bug only; functional workflows remain operational.,Billing & Payment,High
TCK-10132,Automated monitoring alert: Search index seems desynchronized in Inventory Microservice; new entries do not appear after invoking the batch synchronization API. Visual bug only; functional workflows remain operational.,Bug / System Error,Medium
TCK-10987,User stated: Credit card payment failed with code ERR_CARD_PROCESSOR_TIMEOUT for company Hooli Tech. Halts all production CI/CD deployments across engineering.,Billing & Payment,High
TCK-10811,"Ticket opened by employee: Need clarification on line-item usage charges for data egress on current monthly billing statement. Affects more than 2,000 active concurrent users.",Billing & Payment,Low
TCK-10932,Invoice #53100 has the incorrect legal entity tax ID. Please regenerate with GST/VAT #VAT-53100. High severity as our SLA requires a resolution within 2 hours.,Billing & Payment,Critical
TCK-11981,"Direct message from enterprise admin: We would love the ability to export all chart visualizations directly to high-res SVG or vector PDF. Only affects a single user, but workaround is cumbersome.",Feature Request,Low
TCK-10037,Support inquiry from tier-1: Crash report: Worker thread terminated unexpectedly with Database connection pool exhausted while invoking the batch synchronization API. High severity as our SLA requires a resolution within 2 hours.,Bug / System Error,Critical
TCK-11227,Report from customer success: Company-wide SSO login outage: Okta SAML returns 'Invalid assertion signature'. All employees locked out! No immediate workaround available; critical customer escalation.,Account & Access,Critical
TCK-10506,Internal incident report: Please remove expired corporate credit card ending in 3938 and assign the new Amex as default. No immediate workaround available; critical customer escalation.,Billing & Payment,Low
TCK-11905,"Can you support bulk employee CSV upload? Manually creating individual user accounts is too slow. Low impact, customer is just inquiring for future planning.",Feature Request,Medium
TCK-10096,"Internal incident report: Data corruption risk: After invoking the batch synchronization API, previously saved records disappear from Ingestion Pipeline. Causes immediate revenue loss and prevents checkout completion.",Bug / System Error,Critical
TCK-11262,"Ticket opened by employee: Company-wide SSO login outage: Okta SAML returns 'Invalid assertion signature'. All employees locked out! Affects more than 2,000 active concurrent users.",Account & Access,High
TCK-10576,"Account marked past due and suspended, but wire transfer of $1,174 was completed 3 business days ago. This is blocking the entire finance department from closing month-end accounts.",Billing & Payment,Critical
TCK-11289,Immediate offboarding request: Please revoke all API tokens and deactivate account for former staff d.rossi@starkindustries.com. Visual bug only; functional workflows remain operational.,Account & Access,High
TCK-10844,Issue logged via web portal: Credit card payment failed with code ERR_CARD_PROCESSOR_TIMEOUT for company Stark Industries. No immediate workaround available; critical customer escalation.,Billing & Payment,High
TCK-12208,"Report from customer success: Internal code repository server (git.internal.corp) is completely unreachable; SSH connection timed out on port 22. Only affects a single user, but workaround is cumbersome.",Technical / IT Support,Critical
TCK-10752,"Account marked past due and suspended, but wire transfer of $1,057 was completed 3 business days ago. No immediate workaround available; critical customer escalation.",Billing & Payment,Critical
TCK-10364,"Client wrote: The export feature is generating corrupted, 0-byte files when filtering transaction logs by timestamp. Halts all production CI/CD deployments across engineering.",Bug / System Error,Medium
TCK-11822,Report from customer success: Feature request: Allow custom branding and company logo white-labeling on client-facing export reports. Causes immediate revenue loss and prevents checkout completion.,Feature Request,Low
TCK-11593,"Issue logged via web portal: Feature enhancement: Support multi-currency checkout (EUR, GBP, JPY, CAD) on the customer-facing billing page. Causes immediate revenue loss and prevents checkout completion.",Feature Request,Medium
TCK-10151,Customer reports: Intermittent failure: generating the annual revenue reconciliation report fails with SSL handshake failed: certificate expired for about 15% of requests. This is blocking the entire finance department from closing month-end accounts.,Bug / System Error,Medium
TCK-10395,"Application crashes consistently when invoking the batch synchronization API. Error message: 'HTTP 403 Forbidden - Access Denied'. Environment: on Firefox ESR 115. Only affects a single user, but workaround is cumbersome.",Bug / System Error,Critical
TCK-11076,Support inquiry from tier-1: Two-Factor Authentication (2FA) SMS verification code is not being delivered to phone ending in 7854. This is blocking the entire finance department from closing month-end accounts.,Account & Access,Critical
TCK-10194,Encountered a fatal crash during saving nested profile permissions. The screen went completely blank and logged java.lang.NullPointerException. This is blocking the entire finance department from closing month-end accounts.,Bug / System Error,High
TCK-11494,Inquiry received: Received '403 Forbidden: Insufficient Permissions' when trying to access workspace 'Acme Corp' despite being admin. This is blocking the entire finance department from closing month-end accounts.,Account & Access,Medium
TCK-10704,"User stated: Account marked past due and suspended, but wire transfer of $3,598 was completed 3 business days ago. Causes immediate revenue loss and prevents checkout completion.",Billing & Payment,Critical
TCK-10427,"Encountered a fatal crash during filtering transaction logs by timestamp. The screen went completely blank and logged SocketTimeoutException after 30000ms. Affects more than 2,000 active concurrent users.",Bug / System Error,High
TCK-12444,Outlook desktop app crashes repeatedly during startup with error 'MAPI32.DLL missing or corrupt'. No immediate workaround available; critical customer escalation.,Technical / IT Support,Medium
TCK-11196,Account locked after multiple failed attempts. Please unlock username 't.tanaka' immediately. High severity as our SLA requires a resolution within 2 hours.,Account & Access,Medium
TCK-11530,Inquiry received: Feature Request: Please add native Dark Mode support across the entire web application dashboard. Halts all production CI/CD deployments across engineering.,Feature Request,Low
TCK-10307,"The export feature is generating corrupted, 0-byte files when processing payroll deductions for all employees. Affects more than 2,000 active concurrent users.",Bug / System Error,Medium
TCK-10584,Urgent assistance requested: Credit card payment failed with code ERR_CARD_PROCESSOR_TIMEOUT for company Initech LLC. No immediate workaround available; critical customer escalation.,Billing & Payment,High
TCK-10908,Support inquiry from tier-1: Cannot download tax / VAT invoice receipt for invoice #40160. Need it immediately for external audit. No immediate workaround available; critical customer escalation.,Billing & Payment,Medium
TCK-11428,"Ticket opened by employee: Need help configuring Role-Based Access Control (RBAC) permissions for third-party auditing contractors. Low impact, customer is just inquiring for future planning.",Account & Access,Low
TCK-10345,"Ticket opened by employee: Crash report: Worker thread terminated unexpectedly with Deadlock detected in transaction #TX-9482 while filtering transaction logs by timestamp. Low impact, customer is just inquiring for future planning.",Bug / System Error,Critical
TCK-10178,Infinite loop / UI freeze occurs whenever a user attempts executing SQL query against reporting replica on on corporate Lenovo ThinkPad T14. Visual bug only; functional workflows remain operational.,Bug / System Error,High
TCK-11068,Support inquiry from tier-1: Received '403 Forbidden: Insufficient Permissions' when trying to access workspace 'Pied Piper' despite being admin. High severity as our SLA requires a resolution within 2 hours.,Account & Access,Medium
TCK-10588,Client wrote: Payment gateway webhook failed after customer checkout; customer was charged but order shows unpaid. Visual bug only; functional workflows remain operational.,Billing & Payment,Critical
TCK-11598,"Urgent assistance requested: Feature enhancement: Support multi-currency checkout (EUR, GBP, JPY, CAD) on the customer-facing billing page. This is blocking the entire finance department from closing month-end accounts.",Feature Request,Medium
TCK-10018,Crash report: Worker thread terminated unexpectedly with SSL handshake failed: certificate expired while generating the annual revenue reconciliation report. High severity as our SLA requires a resolution within 2 hours.,Bug / System Error,High
TCK-11079,"Direct message from enterprise admin: Security escalation: Unusual login detected from unrecognized IP in foreign jurisdiction for account d.rossi. Only affects a single user, but workaround is cumbersome.",Account & Access,Critical
TCK-11676,"Issue logged via web portal: Feature request: Allow custom branding and company logo white-labeling on client-facing export reports. Only affects a single user, but workaround is cumbersome.",Feature Request,Low
TCK-11991,"Issue logged via web portal: Can we add granular tag-based filtering and custom multi-select fields to the main ticket view? Affects more than 2,000 active concurrent users.",Feature Request,Low
TCK-10504,"Issue logged via web portal: Disputed transaction: We were charged the Enterprise annual tier rate of $3,744 instead of monthly tier. Affects more than 2,000 active concurrent users.",Billing & Payment,High
TCK-11710,Critical alert logged: Can we add granular tag-based filtering and custom multi-select fields to the main ticket view? Halts all production CI/CD deployments across engineering.,Feature Request,Low
TCK-11191,Client wrote: Two-Factor Authentication (2FA) SMS verification code is not being delivered to phone ending in 4853. High severity as our SLA requires a resolution within 2 hours.,Account & Access,Critical
TCK-12109,User stated: Need replacement 90W USB-C AC power adapter for Dell Latitude laptop; current cable has a frayed wire. Causes immediate revenue loss and prevents checkout completion.,Technical / IT Support,Low
TCK-12375,"Support inquiry from tier-1: CrowdStrike endpoint sensor is consuming 98% CPU continuously, causing laptop to freeze. This is blocking the entire finance department from closing month-end accounts.",Technical / IT Support,High
TCK-12319,Urgent assistance requested: Floor 3 network printer is displaying 'Paper Jam Error 52' even though the internal tray is completely clear. Visual bug only; functional workflows remain operational.,Technical / IT Support,Low
TCK-12068,Client wrote: Assistance needed to configure corporate AWS CLI credentials and kubectl context on developer workstation. This is blocking the entire finance department from closing month-end accounts.,Technical / IT Support,Low
TCK-11251,Ticket opened by employee: Two-Factor Authentication (2FA) SMS verification code is not being delivered to phone ending in 5067. Minor inconvenience for internal staff.,Account & Access,Critical
TCK-11343,"User session randomly terminates every 3 minutes, forcing re-authentication on in internal Kubernetes namespace 'billing-prod'. Halts all production CI/CD deployments across engineering.",Account & Access,High
TCK-11156,"Locked out of account. Password reset email never arrives for user t.tanaka@wayneenterprises.com. Only affects a single user, but workaround is cumbersome.",Account & Access,High
TCK-11931,Automated monitoring alert: Would appreciate an automated weekly email digest summarizing team performance and open ticket counts. Halts all production CI/CD deployments across engineering.,Feature Request,Low
TCK-10361,"Direct message from enterprise admin: Bug discovered in Reporting Engine: executing SQL query against reporting replica yields incorrect calculation results. Only affects a single user, but workaround is cumbersome.",Bug / System Error,High
TCK-10047,"Direct message from enterprise admin: Search index seems desynchronized in Notification Queue; new entries do not appear after invoking the batch synchronization API. Only affects a single user, but workaround is cumbersome.",Bug / System Error,Medium
TCK-11757,"Issue logged via web portal: Feature request: Allow custom branding and company logo white-labeling on client-facing export reports. Low impact, customer is just inquiring for future planning.",Feature Request,High
TCK-11596,"Inquiry received: Feature enhancement: Support multi-currency checkout (EUR, GBP, JPY, CAD) on the customer-facing billing page. Minor inconvenience for internal staff.",Feature Request,Medium
TCK-10243,Inquiry received: Crash report: Worker thread terminated unexpectedly with HTTP 500 Internal Server Error while invoking the batch synchronization API. Minor inconvenience for internal staff.,Bug / System Error,Critical
TCK-11654,Urgent assistance requested: We would love the ability to export all chart visualizations directly to high-res SVG or vector PDF. This is blocking the entire finance department from closing month-end accounts.,Feature Request,Low
TCK-12477,Helpdesk dispatch: Dual external monitors are not recognized when connecting Lenovo ThinkPad to the USB-C docking station. This is blocking the entire finance department from closing month-end accounts.,Technical / IT Support,Medium
TCK-11544,"Escalation notice: Feature enhancement: Support multi-currency checkout (EUR, GBP, JPY, CAD) on the customer-facing billing page. Visual bug only; functional workflows remain operational.",Feature Request,Critical
TCK-11495,Report from customer success: Company-wide SSO login outage: Okta SAML returns 'Invalid assertion signature'. All employees locked out! Minor inconvenience for internal staff.,Account & Access,Critical
TCK-11790,"Inquiry received: Feature enhancement: Support multi-currency checkout (EUR, GBP, JPY, CAD) on the customer-facing billing page. Only affects a single user, but workaround is cumbersome.",Feature Request,Medium
TCK-10072,Escalation notice: Intermittent failure: rendering the executive KPI dashboard fails with HTTP 401 Unauthorized for about 15% of requests. No immediate workaround available; critical customer escalation.,Bug / System Error,Medium
TCK-12083,"Dual external monitors are not recognized when connecting Lenovo ThinkPad to the USB-C docking station. Affects more than 2,000 active concurrent users.",Technical / IT Support,Low
TCK-10321,Encountered a fatal crash during invoking the batch synchronization API. The screen went completely blank and logged SSL handshake failed: certificate expired. Halts all production CI/CD deployments across engineering.,Bug / System Error,High
TCK-11896,Escalation notice: Feature Request: Please add native Dark Mode support across the entire web application dashboard. No immediate workaround available; critical customer escalation.,Feature Request,Low
TCK-11841,We would love the ability to export all chart visualizations directly to high-res SVG or vector PDF. High severity as our SLA requires a resolution within 2 hours.,Feature Request,Low
TCK-10028,Critical alert logged: Application crashes consistently when generating the annual revenue reconciliation report. Error message: 'SSL handshake failed: certificate expired'. Environment: on mobile client iOS 17.4. No immediate workaround available; critical customer escalation.,Bug / System Error,Critical
TCK-11689,"Critical alert logged: Please introduce keyboard navigation shortcuts (e.g., 'j/k' to traverse items, 'e' to archive) for power users. No immediate workaround available; critical customer escalation.",Feature Request,Low
TCK-12235,Internal incident report: Outlook desktop app crashes repeatedly during startup with error 'MAPI32.DLL missing or corrupt'. Visual bug only; functional workflows remain operational.,Technical / IT Support,Medium
TCK-11778,Critical alert logged: Kindly increase maximum file upload limit from 10MB to 100MB to support uploading short debugging screen recordings. Minor inconvenience for internal staff.,Feature Request,Low
TCK-11047,How can I transfer primary account ownership from l.muller@acmecorp.com to finance@company.com? No immediate workaround available; critical customer escalation.,Account & Access,Low
TCK-10590,"Critical alert logged: Need clarification on line-item usage charges for data egress on current monthly billing statement. Low impact, customer is just inquiring for future planning.",Billing & Payment,Low
TCK-10266,Report from customer success: Application crashes consistently when saving nested profile permissions. Error message: 'SocketTimeoutException after 30000ms'. Environment: in staging environment. No immediate workaround available; critical customer escalation.,Bug / System Error,Critical
TCK-11584,"Ticket opened by employee: Please introduce keyboard navigation shortcuts (e.g., 'j/k' to traverse items, 'e' to archive) for power users. No immediate workaround available; critical customer escalation.",Feature Request,Low
TCK-12003,"Report from customer success: Dual external monitors are not recognized when connecting Lenovo ThinkPad to the USB-C docking station. Only affects a single user, but workaround is cumbersome.",Technical / IT Support,Low
TCK-12104,Issue logged via web portal: Dual external monitors are not recognized when connecting Lenovo ThinkPad to the USB-C docking station. Minor inconvenience for internal staff.,Technical / IT Support,Low
TCK-10219,User stated: Encountered a fatal crash during clicking the bulk submit button. The screen went completely blank and logged Database connection pool exhausted. Causes immediate revenue loss and prevents checkout completion.,Bug / System Error,High
TCK-10020,"Client wrote: Intermittent failure: filtering transaction logs by timestamp fails with Database connection pool exhausted for about 15% of requests. Only affects a single user, but workaround is cumbersome.",Bug / System Error,Medium
TCK-10189,"Data corruption risk: After importing customer leads from Salesforce, previously saved records disappear from Analytics Dashboard. Only affects a single user, but workaround is cumbersome.",Bug / System Error,Low
TCK-12255,"Issue logged via web portal: CrowdStrike endpoint sensor is consuming 98% CPU continuously, causing laptop to freeze. Minor inconvenience for internal staff.",Technical / IT Support,High
TCK-11490,Ticket opened by employee: Received '403 Forbidden: Insufficient Permissions' when trying to access workspace 'Stark Industries' despite being admin. Minor inconvenience for internal staff.,Account & Access,Medium
TCK-10442,"Customer reports: The export feature is generating corrupted, 0-byte files when filtering transaction logs by timestamp. Low impact, customer is just inquiring for future planning.",Bug / System Error,Low
TCK-12215,Urgent assistance requested: Dual external monitors are not recognized when connecting Lenovo ThinkPad to the USB-C docking station. High severity as our SLA requires a resolution within 2 hours.,Technical / IT Support,Low
TCK-10366,Issue logged via web portal: Search index seems desynchronized in Reporting Engine; new entries do not appear after processing payroll deductions for all employees. This is blocking the entire finance department from closing month-end accounts.,Bug / System Error,Medium
TCK-11091,"User session randomly terminates every 3 minutes, forcing re-authentication on in internal Kubernetes namespace 'billing-prod'. Minor inconvenience for internal staff.",Account & Access,Medium
TCK-10615,"Account marked past due and suspended, but wire transfer of $1,261 was completed 3 business days ago. This is blocking the entire finance department from closing month-end accounts.",Billing & Payment,Critical
TCK-12483,Inquiry received: Requesting standard workstation hardware provisioning for incoming senior software engineer starting next week. High severity as our SLA requires a resolution within 2 hours.,Technical / IT Support,Low
TCK-11452,Please grant Administrator privileges and workspace owner role to new hire e.dubois@initechllc.com. Visual bug only; functional workflows remain operational.,Account & Access,Medium
TCK-11521,"Support inquiry from tier-1: Can you support bulk employee CSV upload? Manually creating individual user accounts is too slow. Only affects a single user, but workaround is cumbersome.",Feature Request,Medium
TCK-10200,"UI regression: Form fields overlap and become unclickable in Checkout Service when executing SQL query against reporting replica. Affects more than 2,000 active concurrent users.",Bug / System Error,Low
TCK-10048,Direct message from enterprise admin: Typo and visual bug: Text label displays 'Unkown Error' instead of valid status on Ingestion Pipeline.,Bug / System Error,Low
TCK-12341,Client wrote: Corporate VPN gateway is rejecting connections with 'TLS Handshake Failed'. Remote engineers cannot access servers. High severity as our SLA requires a resolution within 2 hours.,Technical / IT Support,Critical
TCK-10937,Automated monitoring alert: Subscription auto-renewed without prior 30-day notice; requesting full refund for unused seat licenses. No immediate workaround available; critical customer escalation.,Billing & Payment,Critical
TCK-10313,Issue logged via web portal: Typo and visual bug: Text label displays 'Unkown Error' instead of valid status on Batch Processing Worker.,Bug / System Error,Critical
TCK-11770,"Critical alert logged: Feature Request: Please add native Dark Mode support across the entire web application dashboard. Low impact, customer is just inquiring for future planning.",Feature Request,Low
TCK-10080,Issue logged via web portal: Typo and visual bug: Text label displays 'Unkown Error' instead of valid status on Analytics Dashboard.,Bug / System Error,Low
TCK-11157,"How can I transfer primary account ownership from t.tanaka@wayneenterprises.com to finance@company.com? Low impact, customer is just inquiring for future planning.",Account & Access,Low
TCK-10217,"Direct message from enterprise admin: Data corruption risk: After uploading a 25MB CSV data file, previously saved records disappear from Checkout Service. Low impact, customer is just inquiring for future planning.",Bug / System Error,Critical
TCK-10743,"Report from customer success: Account marked past due and suspended, but wire transfer of $1,497 was completed 3 business days ago. Affects more than 2,000 active concurrent users.",Billing & Payment,Critical
TCK-10143,"Unhandled exception thrown during saving nested profile permissions. Stack trace indicates java.lang.NullPointerException. on Firefox ESR 115. Low impact, customer is just inquiring for future planning.",Bug / System Error,High
TCK-10461,Infinite loop / UI freeze occurs whenever a user attempts filtering transaction logs by timestamp on on Firefox ESR 115. High severity as our SLA requires a resolution within 2 hours.,Bug / System Error,High
TCK-11222,Client wrote: Locked out of account. Password reset email never arrives for user l.muller@massivedynamic.com. Causes immediate revenue loss and prevents checkout completion.,Account & Access,High
TCK-11913,Inquiry received: Would appreciate an automated weekly email digest summarizing team performance and open ticket counts. Halts all production CI/CD deployments across engineering.,Feature Request,Low
TCK-11820,Inquiry received: We would love the ability to export all chart visualizations directly to high-res SVG or vector PDF. No immediate workaround available; critical customer escalation.,Feature Request,Low
TCK-12279,"Inquiry received: Local Docker desktop engine fails to start, reporting 'Hardware-assisted virtualization is disabled in UEFI'. Low impact, customer is just inquiring for future planning.",Technical / IT Support,Medium
TCK-10468,User stated: Bug discovered in Analytics Dashboard: generating the annual revenue reconciliation report yields incorrect calculation results. Halts all production CI/CD deployments across engineering.,Bug / System Error,Critical
TCK-10071,Ticket opened by employee: UI regression: Form fields overlap and become unclickable in Inventory Microservice when generating the annual revenue reconciliation report. Causes immediate revenue loss and prevents checkout completion.,Bug / System Error,Low
TCK-11506,"Customer reports: Please introduce keyboard navigation shortcuts (e.g., 'j/k' to traverse items, 'e' to archive) for power users. Only affects a single user, but workaround is cumbersome.",Feature Request,Low
TCK-10326,Typo and visual bug: Text label displays 'Unkown Error' instead of valid status on Notification Queue.,Bug / System Error,Low
TCK-11916,"Escalation notice: We would love the ability to export all chart visualizations directly to high-res SVG or vector PDF. Low impact, customer is just inquiring for future planning.",Feature Request,Low
TCK-10863,Need clarification on line-item usage charges for data egress on current monthly billing statement. Causes immediate revenue loss and prevents checkout completion.,Billing & Payment,Low
TCK-10943,"Critical alert logged: Please update our billing address to 968 Market St, Sydney and re-send the invoice #44544. No immediate workaround available; critical customer escalation.",Billing & Payment,Low
TCK-10002,"Search index seems desynchronized in Search Backend; new entries do not appear after importing customer leads from Salesforce. Low impact, customer is just inquiring for future planning.",Bug / System Error,Medium
TCK-11413,Need help configuring Role-Based Access Control (RBAC) permissions for third-party auditing contractors. Halts all production CI/CD deployments across engineering.,Account & Access,Low
TCK-10111,Escalation notice: UI regression: Form fields overlap and become unclickable in Checkout Service when clicking the bulk submit button. Minor inconvenience for internal staff.,Bug / System Error,Low
TCK-11467,"Internal incident report: User session randomly terminates every 3 minutes, forcing re-authentication on on corporate Lenovo ThinkPad T14. High severity as our SLA requires a resolution within 2 hours.",Account & Access,Medium
TCK-10467,Automated monitoring alert: Bug discovered in Analytics Dashboard: filtering transaction logs by timestamp yields incorrect calculation results. Causes immediate revenue loss and prevents checkout completion.,Bug / System Error,Critical
TCK-11345,"Received '403 Forbidden: Insufficient Permissions' when trying to access workspace 'Hooli Tech' despite being admin. Affects more than 2,000 active concurrent users.",Account & Access,Medium
TCK-12356,"Ticket opened by employee: CrowdStrike endpoint sensor is consuming 98% CPU continuously, causing laptop to freeze. Low impact, customer is just inquiring for future planning.",Technical / IT Support,High
TCK-11830,Ticket opened by employee: Requesting comprehensive audit log viewer in the admin console to track configuration modifications. Causes immediate revenue loss and prevents checkout completion.,Feature Request,Medium
TCK-10913,"Inquiry received: Account marked past due and suspended, but wire transfer of $3,898 was completed 3 business days ago. Halts all production CI/CD deployments across engineering.",Billing & Payment,Critical
TCK-10549,Support inquiry from tier-1: Our corporate account was billed twice for invoice #74418. Total overcharge is $240. This is blocking the entire finance department from closing month-end accounts.,Billing & Payment,Medium
TCK-12183,"Internal incident report: Assistance needed to configure corporate AWS CLI credentials and kubectl context on developer workstation. Low impact, customer is just inquiring for future planning.",Technical / IT Support,Low
TCK-10104,Infinite loop / UI freeze occurs whenever a user attempts rendering the executive KPI dashboard on via Android app v4.2.1. No immediate workaround available; critical customer escalation.,Bug / System Error,High
TCK-12240,"Critical alert logged: Assistance needed to configure corporate AWS CLI credentials and kubectl context on developer workstation. Low impact, customer is just inquiring for future planning.",Technical / IT Support,Low
TCK-11706,Client wrote: Requesting comprehensive audit log viewer in the admin console to track configuration modifications. High severity as our SLA requires a resolution within 2 hours.,Feature Request,Medium
TCK-10889,"Customer reports: Please update our billing address to 281 Market St, New York and re-send the invoice #34905. Causes immediate revenue loss and prevents checkout completion.",Billing & Payment,Low
TCK-10637,"Client wrote: Our corporate account was billed twice for invoice #41569. Total overcharge is $3,299. Causes immediate revenue loss and prevents checkout completion.",Billing & Payment,High
TCK-10158,Report from customer success: Infinite loop / UI freeze occurs whenever a user attempts processing payroll deductions for all employees on on dedicated AWS EC2 c5.4xlarge instance. No immediate workaround available; critical customer escalation.,Bug / System Error,High
TCK-11500,Two-Factor Authentication (2FA) SMS verification code is not being delivered to phone ending in 4411. Visual bug only; functional workflows remain operational.,Account & Access,Critical
TCK-12227,Escalation notice: Dual external monitors are not recognized when connecting Lenovo ThinkPad to the USB-C docking station. This is blocking the entire finance department from closing month-end accounts.,Technical / IT Support,Low
TCK-10021,Encountered a fatal crash during clicking the bulk submit button. The screen went completely blank and logged HTTP 502 Bad Gateway. No immediate workaround available; critical customer escalation.,Bug / System Error,High
TCK-12241,Customer reports: Requesting standard workstation hardware provisioning for incoming senior software engineer starting next week. Minor inconvenience for internal staff.,Technical / IT Support,Low
TCK-11001,Please grant Administrator privileges and workspace owner role to new hire l.muller@wayneenterprises.com. No immediate workaround available; critical customer escalation.,Account & Access,Medium
TCK-12045,"Report from customer success: Internal code repository server (git.internal.corp) is completely unreachable; SSH connection timed out on port 22. Low impact, customer is just inquiring for future planning.",Technical / IT Support,Critical
TCK-11606,Urgent assistance requested: Can we add granular tag-based filtering and custom multi-select fields to the main ticket view? High severity as our SLA requires a resolution within 2 hours.,Feature Request,Low
TCK-11740,Helpdesk dispatch: Feature Request: Please add native Dark Mode support across the entire web application dashboard. No immediate workaround available; critical customer escalation.,Feature Request,Low
TCK-10957,"User stated: Subscription auto-renewed without prior 30-day notice; requesting full refund for unused seat licenses. Affects more than 2,000 active concurrent users.",Billing & Payment,Medium
TCK-11568,"Please introduce keyboard navigation shortcuts (e.g., 'j/k' to traverse items, 'e' to archive) for power users. Low impact, customer is just inquiring for future planning.",Feature Request,Low
TCK-12387,Floor 3 network printer is displaying 'Paper Jam Error 52' even though the internal tray is completely clear. High severity as our SLA requires a resolution within 2 hours.,Technical / IT Support,Critical
TCK-10218,Inquiry received: Intermittent failure: rendering the executive KPI dashboard fails with HTTP 500 Internal Server Error for about 15% of requests. Minor inconvenience for internal staff.,Bug / System Error,Medium
TCK-11892,Customer reports: We would love the ability to export all chart visualizations directly to high-res SVG or vector PDF. No immediate workaround available; critical customer escalation.,Feature Request,Medium
TCK-10267,Infinite loop / UI freeze occurs whenever a user attempts uploading a 25MB CSV data file on within the European data region eu-west-1. This is blocking the entire finance department from closing month-end accounts.,Bug / System Error,High
TCK-10822,Automated monitoring alert: Invoice #49603 has the incorrect legal entity tax ID. Please regenerate with GST/VAT #VAT-49603. This is blocking the entire finance department from closing month-end accounts.,Billing & Payment,Medium
TCK-12496,Need replacement 90W USB-C AC power adapter for Dell Latitude laptop; current cable has a frayed wire. No immediate workaround available; critical customer escalation.,Technical / IT Support,Low
TCK-12417,Client wrote: Internal code repository server (git.internal.corp) is completely unreachable; SSH connection timed out on port 22. Minor inconvenience for internal staff.,Technical / IT Support,Critical
TCK-11504,Internal incident report: Feature request: Allow custom branding and company logo white-labeling on client-facing export reports. High severity as our SLA requires a resolution within 2 hours.,Feature Request,Low
TCK-12020,"Inquiry received: Requesting standard workstation hardware provisioning for incoming senior software engineer starting next week. Only affects a single user, but workaround is cumbersome.",Technical / IT Support,Low
TCK-12076,Client wrote: Requesting standard workstation hardware provisioning for incoming senior software engineer starting next week. This is blocking the entire finance department from closing month-end accounts.,Technical / IT Support,Low
TCK-11012,Locked out of account. Password reset email never arrives for user e.dubois@wayneenterprises.com. High severity as our SLA requires a resolution within 2 hours.,Account & Access,High
TCK-10214,"Encountered a fatal crash during invoking the batch synchronization API. The screen went completely blank and logged SocketTimeoutException after 30000ms. Low impact, customer is just inquiring for future planning.",Bug / System Error,High
TCK-11422,Please grant Administrator privileges and workspace owner role to new hire j.smith@piedpiper.com. Causes immediate revenue loss and prevents checkout completion.,Account & Access,High
TCK-10142,Ticket opened by employee: Application crashes consistently when clicking the bulk submit button. Error message: 'Database connection pool exhausted'. Environment: on corporate Lenovo ThinkPad T14. No immediate workaround available; critical customer escalation.,Bug / System Error,Critical
TCK-10141,Intermittent failure: clicking the bulk submit button fails with HTTP 401 Unauthorized for about 15% of requests. Causes immediate revenue loss and prevents checkout completion.,Bug / System Error,Medium
TCK-11462,Received '403 Forbidden: Insufficient Permissions' when trying to access workspace 'Wayne Enterprises' despite being admin. No immediate workaround available; critical customer escalation.,Account & Access,Medium
TCK-10933,Invoice #73945 has the incorrect legal entity tax ID. Please regenerate with GST/VAT #VAT-73945. Causes immediate revenue loss and prevents checkout completion.,Billing & Payment,Medium
TCK-11969,Critical alert logged: We would love the ability to export all chart visualizations directly to high-res SVG or vector PDF. Visual bug only; functional workflows remain operational.,Feature Request,Low
TCK-12411,"Office Wi-Fi in the 4th floor engineering wing is suffering severe packet loss and DNS resolution timeouts. Affects more than 2,000 active concurrent users.",Technical / IT Support,High
TCK-12025,Internal code repository server (git.internal.corp) is completely unreachable; SSH connection timed out on port 22. Minor inconvenience for internal staff.,Technical / IT Support,Critical
TCK-12288,Ticket opened by employee: Requesting standard workstation hardware provisioning for incoming senior software engineer starting next week. No immediate workaround available; critical customer escalation.,Technical / IT Support,Low
TCK-11308,Company-wide SSO login outage: Okta SAML returns 'Invalid assertion signature'. All employees locked out! Causes immediate revenue loss and prevents checkout completion.,Account & Access,Critical
TCK-10966,Urgent assistance requested: Subscription auto-renewed without prior 30-day notice; requesting full refund for unused seat licenses. Halts all production CI/CD deployments across engineering.,Billing & Payment,Medium
TCK-10577,"Critical alert logged: Account marked past due and suspended, but wire transfer of $3,603 was completed 3 business days ago. High severity as our SLA requires a resolution within 2 hours.",Billing & Payment,Critical
TCK-11909,Escalation notice: Would appreciate an automated weekly email digest summarizing team performance and open ticket counts. Causes immediate revenue loss and prevents checkout completion.,Feature Request,Low
TCK-11867,"Helpdesk dispatch: Requesting comprehensive audit log viewer in the admin console to track configuration modifications. Low impact, customer is just inquiring for future planning.",Feature Request,Medium
TCK-11953,Feature Request: Please add native Dark Mode support across the entire web application dashboard. No immediate workaround available; critical customer escalation.,Feature Request,Low
TCK-12160,Escalation notice: Dual external monitors are not recognized when connecting Lenovo ThinkPad to the USB-C docking station. High severity as our SLA requires a resolution within 2 hours.,Technical / IT Support,Low
TCK-10829,"Issue logged via web portal: Requesting official formal price quote for expanding from 50 to 150 user licenses for Acme Corp. Low impact, customer is just inquiring for future planning.",Billing & Payment,Low
TCK-11163,Password reset link gives 'HTTP 400 Token Invalid or Expired' immediately upon opening. High severity as our SLA requires a resolution within 2 hours.,Account & Access,High
TCK-10035,"Internal incident report: Data corruption risk: After filtering transaction logs by timestamp, previously saved records disappear from Ingestion Pipeline. Only affects a single user, but workaround is cumbersome.",Bug / System Error,High
TCK-10536,"Requesting official formal price quote for expanding from 50 to 150 user licenses for Cyberdyne Systems. Low impact, customer is just inquiring for future planning.",Billing & Payment,Low
TCK-10472,"Urgent assistance requested: Bug discovered in Notification Queue: filtering transaction logs by timestamp yields incorrect calculation results. Low impact, customer is just inquiring for future planning.",Bug / System Error,Critical
TCK-11118,How can I transfer primary account ownership from e.dubois@wayneenterprises.com to finance@company.com? Visual bug only; functional workflows remain operational.,Account & Access,Low
TCK-10133,"Direct message from enterprise admin: Crash report: Worker thread terminated unexpectedly with HTTP 504 Gateway Timeout while executing SQL query against reporting replica. Low impact, customer is just inquiring for future planning.",Bug / System Error,Critical
TCK-10650,Cannot download tax / VAT invoice receipt for invoice #70003. Need it immediately for external audit. Visual bug only; functional workflows remain operational.,Billing & Payment,Medium
TCK-11190,"Inquiry received: How can I transfer primary account ownership from j.smith@umbrellacorp.com to finance@company.com? Only affects a single user, but workaround is cumbersome.",Account & Access,Low
TCK-10215,User stated: Crash report: Worker thread terminated unexpectedly with HTTP 401 Unauthorized while filtering transaction logs by timestamp. Visual bug only; functional workflows remain operational.,Bug / System Error,Critical
TCK-10974,Requesting official formal price quote for expanding from 50 to 150 user licenses for Cyberdyne Systems. No immediate workaround available; critical customer escalation.,Billing & Payment,Low
TCK-11119,"Inquiry received: Security escalation: Unusual login detected from unrecognized IP in foreign jurisdiction for account d.rossi. Only affects a single user, but workaround is cumbersome.",Account & Access,Critical
TCK-11476,"User session randomly terminates every 3 minutes, forcing re-authentication on on Ubuntu 22.04 LTS workstation. High severity as our SLA requires a resolution within 2 hours.",Account & Access,Low
TCK-10429,"The export feature is generating corrupted, 0-byte files when uploading a 25MB CSV data file. Minor inconvenience for internal staff.",Bug / System Error,Medium
TCK-12448,"Direct message from enterprise admin: Physical Ethernet port at desk #38 has no link light and does not assign a DHCP IP address. Low impact, customer is just inquiring for future planning.",Technical / IT Support,Low
TCK-10946,Cannot download tax / VAT invoice receipt for invoice #99392. Need it immediately for external audit. Causes immediate revenue loss and prevents checkout completion.,Billing & Payment,Medium
TCK-10289,User stated: UI regression: Form fields overlap and become unclickable in Search Backend when filtering transaction logs by timestamp. Halts all production CI/CD deployments across engineering.,Bug / System Error,Medium
TCK-12035,Internal code repository server (git.internal.corp) is completely unreachable; SSH connection timed out on port 22. No immediate workaround available; critical customer escalation.,Technical / IT Support,Critical
TCK-12176,Corporate VPN gateway is rejecting connections with 'TLS Handshake Failed'. Remote engineers cannot access servers. Halts all production CI/CD deployments across engineering.,Technical / IT Support,Critical
TCK-11347,Internal incident report: Account locked after multiple failed attempts. Please unlock username 'a.patel' immediately. Causes immediate revenue loss and prevents checkout completion.,Account & Access,Low
TCK-10405,Internal incident report: Crash report: Worker thread terminated unexpectedly with SSL handshake failed: certificate expired while uploading a 25MB CSV data file. Visual bug only; functional workflows remain operational.,Bug / System Error,Critical
TCK-10356,"Helpdesk dispatch: Infinite loop / UI freeze occurs whenever a user attempts importing customer leads from Salesforce on on production cluster us-east-1. Only affects a single user, but workaround is cumbersome.",Bug / System Error,High
TCK-10851,"Account marked past due and suspended, but wire transfer of $3,498 was completed 3 business days ago. High severity as our SLA requires a resolution within 2 hours.",Billing & Payment,Critical
TCK-11109,"Immediate offboarding request: Please revoke all API tokens and deactivate account for former staff a.patel@umbrellacorp.com. Only affects a single user, but workaround is cumbersome.",Account & Access,High
TCK-11256,Customer reports: Two-Factor Authentication (2FA) SMS verification code is not being delivered to phone ending in 3827. Minor inconvenience for internal staff.,Account & Access,Critical
TCK-11189,Ticket opened by employee: Company-wide SSO login outage: Okta SAML returns 'Invalid assertion signature'. All employees locked out! Halts all production CI/CD deployments across engineering.,Account & Access,Low
TCK-12080,Customer reports: Dual external monitors are not recognized when connecting Lenovo ThinkPad to the USB-C docking station. Minor inconvenience for internal staff.,Technical / IT Support,Low
TCK-10841,Issue logged via web portal: Need clarification on line-item usage charges for data egress on current monthly billing statement. No immediate workaround available; critical customer escalation.,Billing & Payment,Low
TCK-10697,Subscription auto-renewed without prior 30-day notice; requesting full refund for unused seat licenses. Halts all production CI/CD deployments across engineering.,Billing & Payment,High
TCK-10566,Helpdesk dispatch: Subscription auto-renewed without prior 30-day notice; requesting full refund for unused seat licenses. Causes immediate revenue loss and prevents checkout completion.,Billing & Payment,Medium
TCK-10585,"Invoice #46942 has the incorrect legal entity tax ID. Please regenerate with GST/VAT #VAT-46942. Only affects a single user, but workaround is cumbersome.",Billing & Payment,Medium
TCK-11298,"Critical alert logged: Locked out of account. Password reset email never arrives for user t.tanaka@hoolitech.com. Low impact, customer is just inquiring for future planning.",Account & Access,High
TCK-12382,"Local Docker desktop engine fails to start, reporting 'Hardware-assisted virtualization is disabled in UEFI'. Only affects a single user, but workaround is cumbersome.",Technical / IT Support,Medium
TCK-10250,"User stated: The export feature is generating corrupted, 0-byte files when importing customer leads from Salesforce. This is blocking the entire finance department from closing month-end accounts.",Bug / System Error,Medium
TCK-11566,Escalation notice: Feature Request: Please add native Dark Mode support across the entire web application dashboard. Halts all production CI/CD deployments across engineering.,Feature Request,Low
TCK-11008,Locked out of account. Password reset email never arrives for user j.smith@globexglobal.com. No immediate workaround available; critical customer escalation.,Account & Access,High
TCK-12303,Urgent assistance requested: Floor 3 network printer is displaying 'Paper Jam Error 52' even though the internal tray is completely clear. Halts all production CI/CD deployments across engineering.,Technical / IT Support,Low
TCK-10464,"Customer reports: The export feature is generating corrupted, 0-byte files when rendering the executive KPI dashboard. Halts all production CI/CD deployments across engineering.",Bug / System Error,Medium
TCK-10968,"Please update our billing address to 489 Market St, San Francisco and re-send the invoice #54025. Affects more than 2,000 active concurrent users.",Billing & Payment,High
TCK-11384,How can I transfer primary account ownership from l.muller@massivedynamic.com to finance@company.com? Causes immediate revenue loss and prevents checkout completion.,Account & Access,Low
TCK-11460,"Locked out of account. Password reset email never arrives for user k.chen@umbrellacorp.com. Affects more than 2,000 active concurrent users.",Account & Access,High
TCK-10061,"Report from customer success: Data corruption risk: After generating the annual revenue reconciliation report, previously saved records disappear from Ingestion Pipeline. Low impact, customer is just inquiring for future planning.",Bug / System Error,Critical
TCK-10062,"Search index seems desynchronized in Batch Processing Worker; new entries do not appear after filtering transaction logs by timestamp. Affects more than 2,000 active concurrent users.",Bug / System Error,Medium
TCK-10431,"Unhandled exception thrown during processing payroll deductions for all employees. Stack trace indicates HTTP 502 Bad Gateway. on dedicated AWS EC2 c5.4xlarge instance. Low impact, customer is just inquiring for future planning.",Bug / System Error,High
TCK-10381,"Report from customer success: Data corruption risk: After uploading a 25MB CSV data file, previously saved records disappear from Checkout Service. Low impact, customer is just inquiring for future planning.",Bug / System Error,Critical
TCK-10706,"Ticket opened by employee: Our corporate account was billed twice for invoice #13007. Total overcharge is $3,514. Affects more than 2,000 active concurrent users.",Billing & Payment,Critical
TCK-12046,Inquiry received: Dual external monitors are not recognized when connecting Lenovo ThinkPad to the USB-C docking station. Causes immediate revenue loss and prevents checkout completion.,Technical / IT Support,High
TCK-11146,Issue logged via web portal: How can I transfer primary account ownership from t.tanaka@globexglobal.com to finance@company.com? Visual bug only; functional workflows remain operational.,Account & Access,Low
TCK-12010,User stated: Corporate VPN gateway is rejecting connections with 'TLS Handshake Failed'. Remote engineers cannot access servers. Minor inconvenience for internal staff.,Technical / IT Support,Critical
TCK-12082,"Urgent assistance requested: CrowdStrike endpoint sensor is consuming 98% CPU continuously, causing laptop to freeze. Only affects a single user, but workaround is cumbersome.",Technical / IT Support,High
TCK-11406,User stated: Account locked after multiple failed attempts. Please unlock username 'e.dubois' immediately. Halts all production CI/CD deployments across engineering.,Account & Access,Medium
TCK-11285,"Escalation notice: Security escalation: Unusual login detected from unrecognized IP in foreign jurisdiction for account a.patel. Only affects a single user, but workaround is cumbersome.",Account & Access,Critical
TCK-10340,Customer reports: Intermittent failure: clicking the bulk submit button fails with HTTP 401 Unauthorized for about 15% of requests. Halts all production CI/CD deployments across engineering.,Bug / System Error,Medium
TCK-11523,"Ticket opened by employee: Feature enhancement: Support multi-currency checkout (EUR, GBP, JPY, CAD) on the customer-facing billing page. Minor inconvenience for internal staff.",Feature Request,Medium
TCK-10499,Typo and visual bug: Text label displays 'Unkown Error' instead of valid status on Checkout Service.,Bug / System Error,Low
TCK-11038,Inquiry received: How can I transfer primary account ownership from e.dubois@massivedynamic.com to finance@company.com? Halts all production CI/CD deployments across engineering.,Account & Access,Low
TCK-10025,"Application crashes consistently when uploading a 25MB CSV data file. Error message: 'OutOfMemoryError: Java heap space'. Environment: on mobile client iOS 17.4. Low impact, customer is just inquiring for future planning.",Bug / System Error,Critical
TCK-12459,"Client wrote: Internal code repository server (git.internal.corp) is completely unreachable; SSH connection timed out on port 22. Only affects a single user, but workaround is cumbersome.",Technical / IT Support,Critical
TCK-11440,Customer reports: How can I transfer primary account ownership from m.garcia@hoolitech.com to finance@company.com? Minor inconvenience for internal staff.,Account & Access,Low
TCK-10437,User stated: Infinite loop / UI freeze occurs whenever a user attempts generating the annual revenue reconciliation report on on production cluster us-east-1. High severity as our SLA requires a resolution within 2 hours.,Bug / System Error,High
TCK-12179,Escalation notice: Office Wi-Fi in the 4th floor engineering wing is suffering severe packet loss and DNS resolution timeouts. Visual bug only; functional workflows remain operational.,Technical / IT Support,High
TCK-11828,Feature request: Allow custom branding and company logo white-labeling on client-facing export reports. Minor inconvenience for internal staff.,Feature Request,Low
TCK-10818,Requesting official formal price quote for expanding from 50 to 150 user licenses for Globex Global. No immediate workaround available; critical customer escalation.,Billing & Payment,Low
TCK-10547,"Requesting official formal price quote for expanding from 50 to 150 user licenses for Cyberdyne Systems. Only affects a single user, but workaround is cumbersome.",Billing & Payment,Low
TCK-11007,"Ticket opened by employee: Received '403 Forbidden: Insufficient Permissions' when trying to access workspace 'Cyberdyne Systems' despite being admin. Only affects a single user, but workaround is cumbersome.",Account & Access,Medium
TCK-10630,"Invoice #80202 has the incorrect legal entity tax ID. Please regenerate with GST/VAT #VAT-80202. Low impact, customer is just inquiring for future planning.",Billing & Payment,Medium
TCK-10225,Crash report: Worker thread terminated unexpectedly with SSL handshake failed: certificate expired while clicking the bulk submit button. No immediate workaround available; critical customer escalation.,Bug / System Error,Critical
TCK-12110,Office Wi-Fi in the 4th floor engineering wing is suffering severe packet loss and DNS resolution timeouts. Visual bug only; functional workflows remain operational.,Technical / IT Support,High
TCK-12451,Client wrote: Floor 3 network printer is displaying 'Paper Jam Error 52' even though the internal tray is completely clear. No immediate workaround available; critical customer escalation.,Technical / IT Support,Low
TCK-10975,"Internal incident report: Please update our billing address to 994 Market St, Singapore and re-send the invoice #37985. Only affects a single user, but workaround is cumbersome.",Billing & Payment,Low
TCK-10812,"Direct message from enterprise admin: Disputed transaction: We were charged the Enterprise annual tier rate of $1,758 instead of monthly tier. Causes immediate revenue loss and prevents checkout completion.",Billing & Payment,High
TCK-11716,Automated monitoring alert: Feature request: Allow custom branding and company logo white-labeling on client-facing export reports. Minor inconvenience for internal staff.,Feature Request,Low
TCK-12318,Helpdesk dispatch: Floor 3 network printer is displaying 'Paper Jam Error 52' even though the internal tray is completely clear. Visual bug only; functional workflows remain operational.,Technical / IT Support,Low
TCK-11279,Support inquiry from tier-1: Security escalation: Unusual login detected from unrecognized IP in foreign jurisdiction for account a.patel. High severity as our SLA requires a resolution within 2 hours.,Account & Access,Critical
TCK-10544,"Credit card payment failed with code ERR_CARD_PROCESSOR_TIMEOUT for company Umbrella Corp. Only affects a single user, but workaround is cumbersome.",Billing & Payment,Low
TCK-11817,Feature request: Allow custom branding and company logo white-labeling on client-facing export reports. Visual bug only; functional workflows remain operational.,Feature Request,Low
TCK-11557,Ticket opened by employee: Requesting comprehensive audit log viewer in the admin console to track configuration modifications. This is blocking the entire finance department from closing month-end accounts.,Feature Request,Medium
TCK-11331,Internal incident report: How can I transfer primary account ownership from j.smith@umbrellacorp.com to finance@company.com? Halts all production CI/CD deployments across engineering.,Account & Access,Low
TCK-10715,"Account marked past due and suspended, but wire transfer of $2,216 was completed 3 business days ago. Only affects a single user, but workaround is cumbersome.",Billing & Payment,Critical
TCK-11430,Internal incident report: Account locked after multiple failed attempts. Please unlock username 'k.chen' immediately. This is blocking the entire finance department from closing month-end accounts.,Account & Access,Medium
TCK-10850,"Escalation notice: Disputed transaction: We were charged the Enterprise annual tier rate of $3,613 instead of monthly tier. Low impact, customer is just inquiring for future planning.",Billing & Payment,High
TCK-10608,"Report from customer success: Invoice #89700 has the incorrect legal entity tax ID. Please regenerate with GST/VAT #VAT-89700. Affects more than 2,000 active concurrent users.",Billing & Payment,Medium
TCK-12473,"Local Docker desktop engine fails to start, reporting 'Hardware-assisted virtualization is disabled in UEFI'. Visual bug only; functional workflows remain operational.",Technical / IT Support,Medium
TCK-10428,"The export feature is generating corrupted, 0-byte files when invoking the batch synchronization API. This is blocking the entire finance department from closing month-end accounts.",Bug / System Error,Medium
TCK-12423,Ticket opened by employee: Assistance needed to configure corporate AWS CLI credentials and kubectl context on developer workstation. High severity as our SLA requires a resolution within 2 hours.,Technical / IT Support,Low
TCK-12365,"Client wrote: Local Docker desktop engine fails to start, reporting 'Hardware-assisted virtualization is disabled in UEFI'. Visual bug only; functional workflows remain operational.",Technical / IT Support,Medium
TCK-11039,Automated monitoring alert: Locked out of account. Password reset email never arrives for user l.muller@piedpiper.com. Visual bug only; functional workflows remain operational.,Account & Access,High
TCK-10482,Customer reports: Bug discovered in Search Backend: saving nested profile permissions yields incorrect calculation results. No immediate workaround available; critical customer escalation.,Bug / System Error,Medium
TCK-10882,"Automated monitoring alert: Please update our billing address to 402 Market St, Toronto and re-send the invoice #46083. Low impact, customer is just inquiring for future planning.",Billing & Payment,Medium
TCK-11123,"Locked out of account. Password reset email never arrives for user j.smith@starkindustries.com. Affects more than 2,000 active concurrent users.",Account & Access,High
TCK-10164,"Support inquiry from tier-1: Infinite loop / UI freeze occurs whenever a user attempts filtering transaction logs by timestamp on on corporate Lenovo ThinkPad T14. Only affects a single user, but workaround is cumbersome.",Bug / System Error,High
TCK-10646,"User stated: Need clarification on line-item usage charges for data egress on current monthly billing statement. Low impact, customer is just inquiring for future planning.",Billing & Payment,Low
TCK-11812,Report from customer success: Requesting Webhook support for ticket status updates so our engineering team can trigger custom Slack alerts. This is blocking the entire finance department from closing month-end accounts.,Feature Request,Medium
TCK-10923,"Direct message from enterprise admin: Account marked past due and suspended, but wire transfer of $3,797 was completed 3 business days ago. Causes immediate revenue loss and prevents checkout completion.",Billing & Payment,Critical
TCK-11622,"Support inquiry from tier-1: Can you support bulk employee CSV upload? Manually creating individual user accounts is too slow. Affects more than 2,000 active concurrent users.",Feature Request,Medium
TCK-10595,"Please update our billing address to 743 Market St, Berlin and re-send the invoice #74682. Affects more than 2,000 active concurrent users.",Billing & Payment,Critical
TCK-10671,"Disputed transaction: We were charged the Enterprise annual tier rate of $4,411 instead of monthly tier. Minor inconvenience for internal staff.",Billing & Payment,High
TCK-12312,Critical alert logged: Physical Ethernet port at desk #38 has no link light and does not assign a DHCP IP address. No immediate workaround available; critical customer escalation.,Technical / IT Support,Low
TCK-10367,Encountered a fatal crash during uploading a 25MB CSV data file. The screen went completely blank and logged HTTP 401 Unauthorized. Visual bug only; functional workflows remain operational.,Bug / System Error,Medium
TCK-10531,Our corporate account was billed twice for invoice #24539. Total overcharge is $917. Minor inconvenience for internal staff.,Billing & Payment,Critical
TCK-10556,"Invoice #69338 has the incorrect legal entity tax ID. Please regenerate with GST/VAT #VAT-69338. Only affects a single user, but workaround is cumbersome.",Billing & Payment,Medium
TCK-12187,"Assistance needed to configure corporate AWS CLI credentials and kubectl context on developer workstation. Low impact, customer is just inquiring for future planning.",Technical / IT Support,Low
TCK-10864,Requesting official formal price quote for expanding from 50 to 150 user licenses for Initech LLC. No immediate workaround available; critical customer escalation.,Billing & Payment,Low
TCK-10565,"Our corporate account was billed twice for invoice #72072. Total overcharge is $2,002. Causes immediate revenue loss and prevents checkout completion.",Billing & Payment,High
TCK-10927,"Cannot download tax / VAT invoice receipt for invoice #87854. Need it immediately for external audit. Low impact, customer is just inquiring for future planning.",Billing & Payment,Low
TCK-11375,Issue logged via web portal: Please grant Administrator privileges and workspace owner role to new hire k.chen@hoolitech.com. Minor inconvenience for internal staff.,Account & Access,Medium
TCK-11215,Ticket opened by employee: How can I transfer primary account ownership from d.rossi@acmecorp.com to finance@company.com? Causes immediate revenue loss and prevents checkout completion.,Account & Access,Low
TCK-10026,Helpdesk dispatch: Infinite loop / UI freeze occurs whenever a user attempts processing payroll deductions for all employees on on employee MacBook Pro (macOS Sonoma). Causes immediate revenue loss and prevents checkout completion.,Bug / System Error,High
TCK-10898,"Please update our billing address to 952 Market St, Singapore and re-send the invoice #52688. Visual bug only; functional workflows remain operational.",Billing & Payment,Low
TCK-11381,"Support inquiry from tier-1: Need help configuring Role-Based Access Control (RBAC) permissions for third-party auditing contractors. Low impact, customer is just inquiring for future planning.",Account & Access,Low
TCK-12191,"Requesting standard workstation hardware provisioning for incoming senior software engineer starting next week. Only affects a single user, but workaround is cumbersome.",Technical / IT Support,Low
TCK-11065,Urgent assistance requested: Please grant Administrator privileges and workspace owner role to new hire k.chen@acmecorp.com. Halts all production CI/CD deployments across engineering.,Account & Access,Medium
TCK-11569,"Ticket opened by employee: Feature enhancement: Support multi-currency checkout (EUR, GBP, JPY, CAD) on the customer-facing billing page. Halts all production CI/CD deployments across engineering.",Feature Request,High
TCK-12380,Inquiry received: Office Wi-Fi in the 4th floor engineering wing is suffering severe packet loss and DNS resolution timeouts. This is blocking the entire finance department from closing month-end accounts.,Technical / IT Support,High
TCK-12168,Assistance needed to configure corporate AWS CLI credentials and kubectl context on developer workstation. Causes immediate revenue loss and prevents checkout completion.,Technical / IT Support,Low
TCK-10862,"Report from customer success: Our corporate account was billed twice for invoice #33426. Total overcharge is $2,452. Only affects a single user, but workaround is cumbersome.",Billing & Payment,High
TCK-11607,Feature Request: Please add native Dark Mode support across the entire web application dashboard. Halts all production CI/CD deployments across engineering.,Feature Request,Medium
TCK-12037,Urgent assistance requested: Requesting standard workstation hardware provisioning for incoming senior software engineer starting next week. This is blocking the entire finance department from closing month-end accounts.,Technical / IT Support,Low
TCK-10501,"Disputed transaction: We were charged the Enterprise annual tier rate of $238 instead of monthly tier. Affects more than 2,000 active concurrent users.",Billing & Payment,High
TCK-11600,"We would love the ability to export all chart visualizations directly to high-res SVG or vector PDF. Only affects a single user, but workaround is cumbersome.",Feature Request,Low
TCK-10199,Encountered a fatal crash during filtering transaction logs by timestamp. The screen went completely blank and logged HTTP 502 Bad Gateway. Causes immediate revenue loss and prevents checkout completion.,Bug / System Error,High
TCK-11062,"User session randomly terminates every 3 minutes, forcing re-authentication on on mobile client iOS 17.4. No immediate workaround available; critical customer escalation.",Account & Access,Medium
TCK-11858,"Issue logged via web portal: Feature enhancement: Support multi-currency checkout (EUR, GBP, JPY, CAD) on the customer-facing billing page. Low impact, customer is just inquiring for future planning.",Feature Request,Medium
TCK-11768,"Support inquiry from tier-1: Requesting Webhook support for ticket status updates so our engineering team can trigger custom Slack alerts. Affects more than 2,000 active concurrent users.",Feature Request,Medium
TCK-11961,Helpdesk dispatch: Please provide a public REST API endpoint allowing programmatic retrieval of workspace analytics metrics. High severity as our SLA requires a resolution within 2 hours.,Feature Request,Medium
TCK-12088,Internal incident report: Physical Ethernet port at desk #38 has no link light and does not assign a DHCP IP address. Causes immediate revenue loss and prevents checkout completion.,Technical / IT Support,Low
TCK-10039,Bug discovered in Notification Queue: filtering transaction logs by timestamp yields incorrect calculation results. Visual bug only; functional workflows remain operational.,Bug / System Error,Critical
TCK-10032,Issue logged via web portal: Encountered a fatal crash during clicking the bulk submit button. The screen went completely blank and logged HTTP 500 Internal Server Error. Minor inconvenience for internal staff.,Bug / System Error,High
TCK-11688,Internal incident report: Requesting comprehensive audit log viewer in the admin console to track configuration modifications. This is blocking the entire finance department from closing month-end accounts.,Feature Request,Medium
TCK-11575,We would love the ability to export all chart visualizations directly to high-res SVG or vector PDF. Halts all production CI/CD deployments across engineering.,Feature Request,Medium
TCK-10548,"Critical alert logged: Invoice #72368 has the incorrect legal entity tax ID. Please regenerate with GST/VAT #VAT-72368. Affects more than 2,000 active concurrent users.",Billing & Payment,Medium
TCK-11024,User stated: Please grant Administrator privileges and workspace owner role to new hire e.dubois@wayneenterprises.com. High severity as our SLA requires a resolution within 2 hours.,Account & Access,Medium
TCK-11565,Issue logged via web portal: Can we add granular tag-based filtering and custom multi-select fields to the main ticket view? Halts all production CI/CD deployments across engineering.,Feature Request,Low
TCK-10398,Issue logged via web portal: Crash report: Worker thread terminated unexpectedly with Deadlock detected in transaction #TX-9482 while filtering transaction logs by timestamp. Halts all production CI/CD deployments across engineering.,Bug / System Error,Critical
TCK-11993,"Helpdesk dispatch: Feature request: Allow custom branding and company logo white-labeling on client-facing export reports. Affects more than 2,000 active concurrent users.",Feature Request,Low
TCK-11258,Inquiry received: How can I transfer primary account ownership from m.garcia@globexglobal.com to finance@company.com? Visual bug only; functional workflows remain operational.,Account & Access,Low
TCK-11794,"Inquiry received: Feature Request: Please add native Dark Mode support across the entire web application dashboard. Low impact, customer is just inquiring for future planning.",Feature Request,Low
TCK-11789,"Urgent assistance requested: Feature enhancement: Support multi-currency checkout (EUR, GBP, JPY, CAD) on the customer-facing billing page. No immediate workaround available; critical customer escalation.",Feature Request,Medium
TCK-11184,"Issue logged via web portal: Need help configuring Role-Based Access Control (RBAC) permissions for third-party auditing contractors. Only affects a single user, but workaround is cumbersome.",Account & Access,Low
TCK-11955,"Customer reports: Please introduce keyboard navigation shortcuts (e.g., 'j/k' to traverse items, 'e' to archive) for power users. High severity as our SLA requires a resolution within 2 hours.",Feature Request,Low
TCK-11447,Urgent assistance requested: Immediate offboarding request: Please revoke all API tokens and deactivate account for former staff j.smith@acmecorp.com. Visual bug only; functional workflows remain operational.,Account & Access,High
TCK-12165,Internal incident report: Office Wi-Fi in the 4th floor engineering wing is suffering severe packet loss and DNS resolution timeouts. High severity as our SLA requires a resolution within 2 hours.,Technical / IT Support,High
TCK-11159,Please grant Administrator privileges and workspace owner role to new hire m.garcia@massivedynamic.com. Visual bug only; functional workflows remain operational.,Account & Access,Medium
TCK-12055,Urgent assistance requested: Requesting standard workstation hardware provisioning for incoming senior software engineer starting next week. High severity as our SLA requires a resolution within 2 hours.,Technical / IT Support,Critical
TCK-12087,"Critical alert logged: Assistance needed to configure corporate AWS CLI credentials and kubectl context on developer workstation. Only affects a single user, but workaround is cumbersome.",Technical / IT Support,Low
TCK-11363,How can I transfer primary account ownership from j.smith@hoolitech.com to finance@company.com? This is blocking the entire finance department from closing month-end accounts.,Account & Access,Low
TCK-10899,"Client wrote: Disputed transaction: We were charged the Enterprise annual tier rate of $3,245 instead of monthly tier. Minor inconvenience for internal staff.",Billing & Payment,High
TCK-10457,Intermittent failure: executing SQL query against reporting replica fails with HTTP 401 Unauthorized for about 15% of requests. This is blocking the entire finance department from closing month-end accounts.,Bug / System Error,Medium
TCK-12147,Critical alert logged: Floor 3 network printer is displaying 'Paper Jam Error 52' even though the internal tray is completely clear. High severity as our SLA requires a resolution within 2 hours.,Technical / IT Support,Low
TCK-11718,"Report from customer success: Feature enhancement: Support multi-currency checkout (EUR, GBP, JPY, CAD) on the customer-facing billing page. Minor inconvenience for internal staff.",Feature Request,Medium
TCK-10320,"UI regression: Form fields overlap and become unclickable in Reporting Engine when importing customer leads from Salesforce. Affects more than 2,000 active concurrent users.",Bug / System Error,Low
TCK-10529,"Automated monitoring alert: Cannot download tax / VAT invoice receipt for invoice #37450. Need it immediately for external audit. Affects more than 2,000 active concurrent users.",Billing & Payment,Medium
TCK-10839,Direct message from enterprise admin: Need clarification on line-item usage charges for data egress on current monthly billing statement. Minor inconvenience for internal staff.,Billing & Payment,Low
TCK-11835,Client wrote: We would love the ability to export all chart visualizations directly to high-res SVG or vector PDF. Visual bug only; functional workflows remain operational.,Feature Request,Low
TCK-11547,Inquiry received: Can you support bulk employee CSV upload? Manually creating individual user accounts is too slow. No immediate workaround available; critical customer escalation.,Feature Request,Medium
TCK-11756,"Helpdesk dispatch: Please introduce keyboard navigation shortcuts (e.g., 'j/k' to traverse items, 'e' to archive) for power users. Low impact, customer is just inquiring for future planning.",Feature Request,Low
TCK-11092,Client wrote: Need help configuring Role-Based Access Control (RBAC) permissions for third-party auditing contractors. No immediate workaround available; critical customer escalation.,Account & Access,Low
TCK-11290,Internal incident report: Security escalation: Unusual login detected from unrecognized IP in foreign jurisdiction for account e.dubois. No immediate workaround available; critical customer escalation.,Account & Access,Critical
TCK-11808,Report from customer success: Would appreciate an automated weekly email digest summarizing team performance and open ticket counts. Visual bug only; functional workflows remain operational.,Feature Request,Low
TCK-10376,Support inquiry from tier-1: Application crashes consistently when processing payroll deductions for all employees. Error message: 'OutOfMemoryError: Java heap space'. Environment: in staging environment. Minor inconvenience for internal staff.,Bug / System Error,Critical
TCK-11696,"Please provide a public REST API endpoint allowing programmatic retrieval of workspace analytics metrics. Only affects a single user, but workaround is cumbersome.",Feature Request,Medium
TCK-11612,"Client wrote: Please provide a public REST API endpoint allowing programmatic retrieval of workspace analytics metrics. Low impact, customer is just inquiring for future planning.",Feature Request,Medium
TCK-11296,Please grant Administrator privileges and workspace owner role to new hire t.tanaka@umbrellacorp.com. High severity as our SLA requires a resolution within 2 hours.,Account & Access,Critical
TCK-11902,Internal incident report: Feature Request: Please add native Dark Mode support across the entire web application dashboard. Halts all production CI/CD deployments across engineering.,Feature Request,Low
TCK-10654,User stated: Cannot download tax / VAT invoice receipt for invoice #65407. Need it immediately for external audit. This is blocking the entire finance department from closing month-end accounts.,Billing & Payment,Medium
TCK-10895,Internal incident report: Need clarification on line-item usage charges for data egress on current monthly billing statement. Visual bug only; functional workflows remain operational.,Billing & Payment,Low
TCK-10767,"Inquiry received: Account marked past due and suspended, but wire transfer of $3,814 was completed 3 business days ago. Low impact, customer is just inquiring for future planning.",Billing & Payment,Critical
TCK-12130,Customer reports: Office Wi-Fi in the 4th floor engineering wing is suffering severe packet loss and DNS resolution timeouts. This is blocking the entire finance department from closing month-end accounts.,Technical / IT Support,Critical
TCK-11339,Immediate offboarding request: Please revoke all API tokens and deactivate account for former staff e.dubois@wayneenterprises.com. High severity as our SLA requires a resolution within 2 hours.,Account & Access,High
TCK-10256,Customer reports: Unhandled exception thrown during clicking the bulk submit button. Stack trace indicates SocketTimeoutException after 30000ms. on employee MacBook Pro (macOS Sonoma). Causes immediate revenue loss and prevents checkout completion.,Bug / System Error,Medium
TCK-11310,"Support inquiry from tier-1: User session randomly terminates every 3 minutes, forcing re-authentication on within the European data region eu-west-1. Only affects a single user, but workaround is cumbersome.",Account & Access,Medium
TCK-10087,Urgent assistance requested: Infinite loop / UI freeze occurs whenever a user attempts uploading a 25MB CSV data file on on mobile client iOS 17.4. Minor inconvenience for internal staff.,Bug / System Error,High
TCK-10064,UI regression: Form fields overlap and become unclickable in Search Backend when invoking the batch synchronization API. No immediate workaround available; critical customer escalation.,Bug / System Error,Low
TCK-11869,"Direct message from enterprise admin: Feature request: Allow custom branding and company logo white-labeling on client-facing export reports. Affects more than 2,000 active concurrent users.",Feature Request,Low
TCK-10433,Inquiry received: Bug discovered in Notification Queue: generating the annual revenue reconciliation report yields incorrect calculation results. This is blocking the entire finance department from closing month-end accounts.,Bug / System Error,Critical
TCK-11929,"Automated monitoring alert: Feature enhancement: Support multi-currency checkout (EUR, GBP, JPY, CAD) on the customer-facing billing page. Affects more than 2,000 active concurrent users.",Feature Request,Medium
TCK-11083,Helpdesk dispatch: Password reset link gives 'HTTP 400 Token Invalid or Expired' immediately upon opening. Halts all production CI/CD deployments across engineering.,Account & Access,Critical
TCK-10922,"User stated: Disputed transaction: We were charged the Enterprise annual tier rate of $4,042 instead of monthly tier. Only affects a single user, but workaround is cumbersome.",Billing & Payment,High
TCK-10284,Inquiry received: Search index seems desynchronized in Inventory Microservice; new entries do not appear after generating the annual revenue reconciliation report. Halts all production CI/CD deployments across engineering.,Bug / System Error,Medium
TCK-12357,"CrowdStrike endpoint sensor is consuming 98% CPU continuously, causing laptop to freeze. Affects more than 2,000 active concurrent users.",Technical / IT Support,High
TCK-10287,UI regression: Form fields overlap and become unclickable in Analytics Dashboard when processing payroll deductions for all employees. High severity as our SLA requires a resolution within 2 hours.,Bug / System Error,Low
TCK-12111,Helpdesk dispatch: Need replacement 90W USB-C AC power adapter for Dell Latitude laptop; current cable has a frayed wire. Causes immediate revenue loss and prevents checkout completion.,Technical / IT Support,Low
TCK-10631,"Automated monitoring alert: Account marked past due and suspended, but wire transfer of $4,144 was completed 3 business days ago. Only affects a single user, but workaround is cumbersome.",Billing & Payment,Critical
TCK-11944,"Client wrote: Please introduce keyboard navigation shortcuts (e.g., 'j/k' to traverse items, 'e' to archive) for power users. Only affects a single user, but workaround is cumbersome.",Feature Request,Low
TCK-10682,"Client wrote: Account marked past due and suspended, but wire transfer of $883 was completed 3 business days ago. Causes immediate revenue loss and prevents checkout completion.",Billing & Payment,Critical
TCK-11776,"Helpdesk dispatch: Requesting Webhook support for ticket status updates so our engineering team can trigger custom Slack alerts. Only affects a single user, but workaround is cumbersome.",Feature Request,Medium
TCK-11603,Kindly increase maximum file upload limit from 10MB to 100MB to support uploading short debugging screen recordings. High severity as our SLA requires a resolution within 2 hours.,Feature Request,Low
TCK-10959,Internal incident report: Credit card payment failed with code ERR_CARD_PROCESSOR_TIMEOUT for company Initech LLC. This is blocking the entire finance department from closing month-end accounts.,Billing & Payment,Low
TCK-10787,"Subscription auto-renewed without prior 30-day notice; requesting full refund for unused seat licenses. Low impact, customer is just inquiring for future planning.",Billing & Payment,Medium
TCK-12036,"Report from customer success: Requesting standard workstation hardware provisioning for incoming senior software engineer starting next week. Only affects a single user, but workaround is cumbersome.",Technical / IT Support,Low
TCK-10801,"Our corporate account was billed twice for invoice #14466. Total overcharge is $3,584. Halts all production CI/CD deployments across engineering.",Billing & Payment,High
TCK-11338,Internal incident report: Please grant Administrator privileges and workspace owner role to new hire l.muller@piedpiper.com. Minor inconvenience for internal staff.,Account & Access,Critical
TCK-10980,"Customer reports: Cannot download tax / VAT invoice receipt for invoice #24858. Need it immediately for external audit. Affects more than 2,000 active concurrent users.",Billing & Payment,Low
TCK-10276,"The export feature is generating corrupted, 0-byte files when importing customer leads from Salesforce. Low impact, customer is just inquiring for future planning.",Bug / System Error,Medium
TCK-10876,"Our corporate account was billed twice for invoice #95736. Total overcharge is $3,239. Low impact, customer is just inquiring for future planning.",Billing & Payment,High
TCK-10270,Automated monitoring alert: Crash report: Worker thread terminated unexpectedly with Deadlock detected in transaction #TX-9482 while importing customer leads from Salesforce. Causes immediate revenue loss and prevents checkout completion.,Bug / System Error,High
TCK-10994,Automated monitoring alert: Please remove expired corporate credit card ending in 8871 and assign the new Amex as default. No immediate workaround available; critical customer escalation.,Billing & Payment,Low
TCK-12222,Support inquiry from tier-1: Internal code repository server (git.internal.corp) is completely unreachable; SSH connection timed out on port 22. No immediate workaround available; critical customer escalation.,Technical / IT Support,Critical
TCK-10956,"Issue logged via web portal: Account marked past due and suspended, but wire transfer of $859 was completed 3 business days ago. This is blocking the entire finance department from closing month-end accounts.",Billing & Payment,Critical
TCK-10498,"Direct message from enterprise admin: Encountered a fatal crash during invoking the batch synchronization API. The screen went completely blank and logged HTTP 502 Bad Gateway. Only affects a single user, but workaround is cumbersome.",Bug / System Error,High
TCK-10368,"Report from customer success: The export feature is generating corrupted, 0-byte files when importing customer leads from Salesforce. This is blocking the entire finance department from closing month-end accounts.",Bug / System Error,Medium
TCK-12197,"Client wrote: Office Wi-Fi in the 4th floor engineering wing is suffering severe packet loss and DNS resolution timeouts. Only affects a single user, but workaround is cumbersome.",Technical / IT Support,Medium
TCK-12011,"Support inquiry from tier-1: CrowdStrike endpoint sensor is consuming 98% CPU continuously, causing laptop to freeze. Low impact, customer is just inquiring for future planning.",Technical / IT Support,High
TCK-12493,User stated: Corporate VPN gateway is rejecting connections with 'TLS Handshake Failed'. Remote engineers cannot access servers. Causes immediate revenue loss and prevents checkout completion.,Technical / IT Support,Critical
TCK-11318,"Urgent assistance requested: User session randomly terminates every 3 minutes, forcing re-authentication on on mobile client iOS 17.4. Only affects a single user, but workaround is cumbersome.",Account & Access,Low
TCK-12032,"Report from customer success: Dual external monitors are not recognized when connecting Lenovo ThinkPad to the USB-C docking station. Affects more than 2,000 active concurrent users.",Technical / IT Support,Low
TCK-11965,Automated monitoring alert: Feature request: Allow custom branding and company logo white-labeling on client-facing export reports. This is blocking the entire finance department from closing month-end accounts.,Feature Request,Low
TCK-10413,Automated monitoring alert: Crash report: Worker thread terminated unexpectedly with HTTP 502 Bad Gateway while rendering the executive KPI dashboard. High severity as our SLA requires a resolution within 2 hours.,Bug / System Error,Critical
TCK-10792,"Helpdesk dispatch: Please update our billing address to 288 Market St, Toronto and re-send the invoice #17970. Affects more than 2,000 active concurrent users.",Billing & Payment,Low
TCK-11337,Inquiry received: Company-wide SSO login outage: Okta SAML returns 'Invalid assertion signature'. All employees locked out! Minor inconvenience for internal staff.,Account & Access,Low
TCK-10281,Inquiry received: Typo and visual bug: Text label displays 'Unkown Error' instead of valid status on Notification Queue.,Bug / System Error,Low
TCK-10776,"Automated monitoring alert: Payment gateway webhook failed after customer checkout; customer was charged but order shows unpaid. Only affects a single user, but workaround is cumbersome.",Billing & Payment,Critical
TCK-10677,Requesting official formal price quote for expanding from 50 to 150 user licenses for Umbrella Corp. Halts all production CI/CD deployments across engineering.,Billing & Payment,High
TCK-11041,"Direct message from enterprise admin: User session randomly terminates every 3 minutes, forcing re-authentication on on corporate Lenovo ThinkPad T14. This is blocking the entire finance department from closing month-end accounts.",Account & Access,Medium
TCK-10385,Search index seems desynchronized in Ingestion Pipeline; new entries do not appear after uploading a 25MB CSV data file. Visual bug only; functional workflows remain operational.,Bug / System Error,Critical
TCK-10423,"Unhandled exception thrown during uploading a 25MB CSV data file. Stack trace indicates HTTP 502 Bad Gateway. in staging environment. Low impact, customer is just inquiring for future planning.",Bug / System Error,Critical
TCK-12352,Client wrote: Office Wi-Fi in the 4th floor engineering wing is suffering severe packet loss and DNS resolution timeouts. Minor inconvenience for internal staff.,Technical / IT Support,High
TCK-11401,"Internal incident report: How can I transfer primary account ownership from e.dubois@hoolitech.com to finance@company.com? Only affects a single user, but workaround is cumbersome.",Account & Access,Low
TCK-12065,Issue logged via web portal: Outlook desktop app crashes repeatedly during startup with error 'MAPI32.DLL missing or corrupt'. High severity as our SLA requires a resolution within 2 hours.,Technical / IT Support,Medium
TCK-10653,Invoice #55227 has the incorrect legal entity tax ID. Please regenerate with GST/VAT #VAT-55227. High severity as our SLA requires a resolution within 2 hours.,Billing & Payment,Low
TCK-11779,"Internal incident report: Please introduce keyboard navigation shortcuts (e.g., 'j/k' to traverse items, 'e' to archive) for power users. Minor inconvenience for internal staff.",Feature Request,Critical
TCK-11263,"User session randomly terminates every 3 minutes, forcing re-authentication on on employee MacBook Pro (macOS Sonoma). Only affects a single user, but workaround is cumbersome.",Account & Access,Medium
TCK-10793,"Urgent assistance requested: Account marked past due and suspended, but wire transfer of $4,236 was completed 3 business days ago. Minor inconvenience for internal staff.",Billing & Payment,Critical
TCK-12274,Internal incident report: Dual external monitors are not recognized when connecting Lenovo ThinkPad to the USB-C docking station. This is blocking the entire finance department from closing month-end accounts.,Technical / IT Support,Low
TCK-11136,Helpdesk dispatch: Two-Factor Authentication (2FA) SMS verification code is not being delivered to phone ending in 8007. Halts all production CI/CD deployments across engineering.,Account & Access,Critical
TCK-10068,"Data corruption risk: After invoking the batch synchronization API, previously saved records disappear from Ingestion Pipeline. Only affects a single user, but workaround is cumbersome.",Bug / System Error,Critical
TCK-10180,"Application crashes consistently when saving nested profile permissions. Error message: 'Database connection pool exhausted'. Environment: via Android app v4.2.1. Low impact, customer is just inquiring for future planning.",Bug / System Error,Critical
TCK-10051,Crash report: Worker thread terminated unexpectedly with HTTP 401 Unauthorized while saving nested profile permissions. Visual bug only; functional workflows remain operational.,Bug / System Error,Critical
TCK-10911,"Please update our billing address to 918 Market St, Singapore and re-send the invoice #12116. Minor inconvenience for internal staff.",Billing & Payment,Low
TCK-10868,"Issue logged via web portal: Please remove expired corporate credit card ending in 8547 and assign the new Amex as default. Affects more than 2,000 active concurrent users.",Billing & Payment,Low
TCK-10820,User stated: Subscription auto-renewed without prior 30-day notice; requesting full refund for unused seat licenses. This is blocking the entire finance department from closing month-end accounts.,Billing & Payment,Medium
TCK-10069,Helpdesk dispatch: Encountered a fatal crash during executing SQL query against reporting replica. The screen went completely blank and logged SocketTimeoutException after 30000ms. This is blocking the entire finance department from closing month-end accounts.,Bug / System Error,High
TCK-10198,Unhandled exception thrown during generating the annual revenue reconciliation report. Stack trace indicates Deadlock detected in transaction #TX-9482. in staging environment. Halts all production CI/CD deployments across engineering.,Bug / System Error,Medium
TCK-11747,"Would appreciate an automated weekly email digest summarizing team performance and open ticket counts. Affects more than 2,000 active concurrent users.",Feature Request,Low
TCK-10204,Intermittent failure: uploading a 25MB CSV data file fails with SSL handshake failed: certificate expired for about 15% of requests. This is blocking the entire finance department from closing month-end accounts.,Bug / System Error,Medium
TCK-11088,Ticket opened by employee: Account locked after multiple failed attempts. Please unlock username 'd.rossi' immediately. No immediate workaround available; critical customer escalation.,Account & Access,Critical
TCK-12217,"Automated monitoring alert: Local Docker desktop engine fails to start, reporting 'Hardware-assisted virtualization is disabled in UEFI'. Affects more than 2,000 active concurrent users.",Technical / IT Support,Medium
TCK-10747,"Report from customer success: Our corporate account was billed twice for invoice #87857. Total overcharge is $2,934. This is blocking the entire finance department from closing month-end accounts.",Billing & Payment,High
TCK-10745,Invoice #36683 has the incorrect legal entity tax ID. Please regenerate with GST/VAT #VAT-36683. Halts all production CI/CD deployments across engineering.,Billing & Payment,Medium
TCK-11684,Urgent assistance requested: Please provide a public REST API endpoint allowing programmatic retrieval of workspace analytics metrics. Visual bug only; functional workflows remain operational.,Feature Request,Medium
TCK-10231,"Intermittent failure: saving nested profile permissions fails with HTTP 401 Unauthorized for about 15% of requests. Affects more than 2,000 active concurrent users.",Bug / System Error,Medium
TCK-10672,"Direct message from enterprise admin: Subscription auto-renewed without prior 30-day notice; requesting full refund for unused seat licenses. Low impact, customer is just inquiring for future planning.",Billing & Payment,Medium
TCK-11752,"Helpdesk dispatch: Please introduce keyboard navigation shortcuts (e.g., 'j/k' to traverse items, 'e' to archive) for power users. High severity as our SLA requires a resolution within 2 hours.",Feature Request,Low
TCK-11613,"Please introduce keyboard navigation shortcuts (e.g., 'j/k' to traverse items, 'e' to archive) for power users. Affects more than 2,000 active concurrent users.",Feature Request,Low
TCK-11438,Escalation notice: Security escalation: Unusual login detected from unrecognized IP in foreign jurisdiction for account t.tanaka. No immediate workaround available; critical customer escalation.,Account & Access,Critical
TCK-10264,"Direct message from enterprise admin: The export feature is generating corrupted, 0-byte files when uploading a 25MB CSV data file. Minor inconvenience for internal staff.",Bug / System Error,Medium
TCK-10896,Need clarification on line-item usage charges for data egress on current monthly billing statement. No immediate workaround available; critical customer escalation.,Billing & Payment,Low
TCK-11034,Urgent assistance requested: Locked out of account. Password reset email never arrives for user j.smith@cyberdynesystems.com. Causes immediate revenue loss and prevents checkout completion.,Account & Access,High
TCK-10121,"Urgent assistance requested: The export feature is generating corrupted, 0-byte files when clicking the bulk submit button. Causes immediate revenue loss and prevents checkout completion.",Bug / System Error,Medium
TCK-10837,Ticket opened by employee: Credit card payment failed with code ERR_CARD_PROCESSOR_TIMEOUT for company Pied Piper. No immediate workaround available; critical customer escalation.,Billing & Payment,High
TCK-11666,Escalation notice: Please provide a public REST API endpoint allowing programmatic retrieval of workspace analytics metrics. Visual bug only; functional workflows remain operational.,Feature Request,Medium
TCK-11348,Account locked after multiple failed attempts. Please unlock username 't.tanaka' immediately. Visual bug only; functional workflows remain operational.,Account & Access,Medium
TCK-10393,Helpdesk dispatch: Application crashes consistently when saving nested profile permissions. Error message: 'HTTP 403 Forbidden - Access Denied'. Environment: in internal Kubernetes namespace 'billing-prod'. Minor inconvenience for internal staff.,Bug / System Error,High
TCK-10795,"Inquiry received: Disputed transaction: We were charged the Enterprise annual tier rate of $1,782 instead of monthly tier. This is blocking the entire finance department from closing month-end accounts.",Billing & Payment,High
TCK-10382,Application crashes consistently when executing SQL query against reporting replica. Error message: 'Deadlock detected in transaction #TX-9482'. Environment: on mobile client iOS 17.4. Minor inconvenience for internal staff.,Bug / System Error,Critical
TCK-10387,Urgent assistance requested: Unhandled exception thrown during generating the annual revenue reconciliation report. Stack trace indicates ERR_CONNECTION_REFUSED on port 8080. on Ubuntu 22.04 LTS workstation. Causes immediate revenue loss and prevents checkout completion.,Bug / System Error,High
TCK-12404,Dual external monitors are not recognized when connecting Lenovo ThinkPad to the USB-C docking station. Minor inconvenience for internal staff.,Technical / IT Support,Low
TCK-12004,"Corporate VPN gateway is rejecting connections with 'TLS Handshake Failed'. Remote engineers cannot access servers. Affects more than 2,000 active concurrent users.",Technical / IT Support,Critical
TCK-10537,Direct message from enterprise admin: Payment gateway webhook failed after customer checkout; customer was charged but order shows unpaid. Causes immediate revenue loss and prevents checkout completion.,Billing & Payment,Critical
TCK-10751,"Critical alert logged: Invoice #92167 has the incorrect legal entity tax ID. Please regenerate with GST/VAT #VAT-92167. Only affects a single user, but workaround is cumbersome.",Billing & Payment,Medium
TCK-12479,"Client wrote: Office Wi-Fi in the 4th floor engineering wing is suffering severe packet loss and DNS resolution timeouts. Low impact, customer is just inquiring for future planning.",Technical / IT Support,Medium
TCK-11800,"Please introduce keyboard navigation shortcuts (e.g., 'j/k' to traverse items, 'e' to archive) for power users. Visual bug only; functional workflows remain operational.",Feature Request,Low
TCK-11389,Escalation notice: Need help configuring Role-Based Access Control (RBAC) permissions for third-party auditing contractors. Halts all production CI/CD deployments across engineering.,Account & Access,Low
TCK-11051,Ticket opened by employee: How can I transfer primary account ownership from k.chen@wayneenterprises.com to finance@company.com? Visual bug only; functional workflows remain operational.,Account & Access,Low
TCK-11683,Internal incident report: Requesting Webhook support for ticket status updates so our engineering team can trigger custom Slack alerts. High severity as our SLA requires a resolution within 2 hours.,Feature Request,Medium
TCK-10417,"Data corruption risk: After saving nested profile permissions, previously saved records disappear from Search Backend. High severity as our SLA requires a resolution within 2 hours.",Bug / System Error,Critical
TCK-10407,Issue logged via web portal: UI regression: Form fields overlap and become unclickable in Search Backend when importing customer leads from Salesforce. Halts all production CI/CD deployments across engineering.,Bug / System Error,Low
TCK-10830,Support inquiry from tier-1: Payment gateway webhook failed after customer checkout; customer was charged but order shows unpaid. Halts all production CI/CD deployments across engineering.,Billing & Payment,Critical
TCK-10280,"Application crashes consistently when clicking the bulk submit button. Error message: 'ERR_CONNECTION_REFUSED on port 8080'. Environment: on production cluster us-east-1. Affects more than 2,000 active concurrent users.",Bug / System Error,Critical
TCK-10665,Urgent assistance requested: Subscription auto-renewed without prior 30-day notice; requesting full refund for unused seat licenses. Visual bug only; functional workflows remain operational.,Billing & Payment,Medium
TCK-11366,"How can I transfer primary account ownership from m.garcia@starkindustries.com to finance@company.com? Affects more than 2,000 active concurrent users.",Account & Access,Low
TCK-10740,"Disputed transaction: We were charged the Enterprise annual tier rate of $4,256 instead of monthly tier. Minor inconvenience for internal staff.",Billing & Payment,High
TCK-10802,"Cannot download tax / VAT invoice receipt for invoice #48455. Need it immediately for external audit. Affects more than 2,000 active concurrent users.",Billing & Payment,Medium
TCK-11632,"Kindly increase maximum file upload limit from 10MB to 100MB to support uploading short debugging screen recordings. Low impact, customer is just inquiring for future planning.",Feature Request,Low
TCK-11419,Critical alert logged: Immediate offboarding request: Please revoke all API tokens and deactivate account for former staff a.patel@piedpiper.com. Halts all production CI/CD deployments across engineering.,Account & Access,High
TCK-11799,Kindly increase maximum file upload limit from 10MB to 100MB to support uploading short debugging screen recordings. No immediate workaround available; critical customer escalation.,Feature Request,Low
TCK-10519,"Support inquiry from tier-1: Disputed transaction: We were charged the Enterprise annual tier rate of $1,542 instead of monthly tier. Minor inconvenience for internal staff.",Billing & Payment,High
TCK-10168,Infinite loop / UI freeze occurs whenever a user attempts uploading a 25MB CSV data file on in staging environment. Visual bug only; functional workflows remain operational.,Bug / System Error,High
TCK-11245,Urgent assistance requested: Immediate offboarding request: Please revoke all API tokens and deactivate account for former staff l.muller@piedpiper.com. Minor inconvenience for internal staff.,Account & Access,High
TCK-10673,"Ticket opened by employee: Disputed transaction: We were charged the Enterprise annual tier rate of $2,001 instead of monthly tier. This is blocking the entire finance department from closing month-end accounts.",Billing & Payment,High
TCK-11096,Internal incident report: Received '403 Forbidden: Insufficient Permissions' when trying to access workspace 'Massive Dynamic' despite being admin. This is blocking the entire finance department from closing month-end accounts.,Account & Access,Medium
TCK-10902,Issue logged via web portal: Cannot download tax / VAT invoice receipt for invoice #39842. Need it immediately for external audit. Minor inconvenience for internal staff.,Billing & Payment,Medium
TCK-10305,Bug discovered in Checkout Service: generating the annual revenue reconciliation report yields incorrect calculation results. High severity as our SLA requires a resolution within 2 hours.,Bug / System Error,Critical
TCK-11201,"Received '403 Forbidden: Insufficient Permissions' when trying to access workspace 'Stark Industries' despite being admin. Affects more than 2,000 active concurrent users.",Account & Access,Medium
TCK-10997,"Ticket opened by employee: Cannot download tax / VAT invoice receipt for invoice #54212. Need it immediately for external audit. Only affects a single user, but workaround is cumbersome.",Billing & Payment,Medium
TCK-11686,Support inquiry from tier-1: Feature Request: Please add native Dark Mode support across the entire web application dashboard. This is blocking the entire finance department from closing month-end accounts.,Feature Request,Critical
TCK-10692,"Requesting official formal price quote for expanding from 50 to 150 user licenses for Hooli Tech. Only affects a single user, but workaround is cumbersome.",Billing & Payment,High
TCK-11492,Customer reports: Company-wide SSO login outage: Okta SAML returns 'Invalid assertion signature'. All employees locked out! Causes immediate revenue loss and prevents checkout completion.,Account & Access,Critical
TCK-10541,"Urgent assistance requested: Account marked past due and suspended, but wire transfer of $3,951 was completed 3 business days ago. Visual bug only; functional workflows remain operational.",Billing & Payment,Critical
TCK-10910,"Requesting official formal price quote for expanding from 50 to 150 user licenses for Massive Dynamic. Affects more than 2,000 active concurrent users.",Billing & Payment,Low
TCK-10707,Inquiry received: Disputed transaction: We were charged the Enterprise annual tier rate of $807 instead of monthly tier. Halts all production CI/CD deployments across engineering.,Billing & Payment,High
TCK-10249,"UI regression: Form fields overlap and become unclickable in Reporting Engine when executing SQL query against reporting replica. Low impact, customer is just inquiring for future planning.",Bug / System Error,Low
TCK-11537,Requesting comprehensive audit log viewer in the admin console to track configuration modifications. Visual bug only; functional workflows remain operational.,Feature Request,Medium
TCK-10344,"Intermittent failure: processing payroll deductions for all employees fails with HTTP 500 Internal Server Error for about 15% of requests. Only affects a single user, but workaround is cumbersome.",Bug / System Error,Critical
TCK-11470,Ticket opened by employee: Account locked after multiple failed attempts. Please unlock username 'd.rossi' immediately. Halts all production CI/CD deployments across engineering.,Account & Access,Medium
TCK-12281,Client wrote: Office Wi-Fi in the 4th floor engineering wing is suffering severe packet loss and DNS resolution timeouts. High severity as our SLA requires a resolution within 2 hours.,Technical / IT Support,High
TCK-10040,Issue logged via web portal: Typo and visual bug: Text label displays 'Unkown Error' instead of valid status on Reporting Engine.,Bug / System Error,High
TCK-12219,Direct message from enterprise admin: Outlook desktop app crashes repeatedly during startup with error 'MAPI32.DLL missing or corrupt'. No immediate workaround available; critical customer escalation.,Technical / IT Support,Medium
TCK-10612,Ticket opened by employee: Credit card payment failed with code ERR_CARD_PROCESSOR_TIMEOUT for company Initech LLC. Minor inconvenience for internal staff.,Billing & Payment,High
TCK-10102,Crash report: Worker thread terminated unexpectedly with SocketTimeoutException after 30000ms while clicking the bulk submit button. This is blocking the entire finance department from closing month-end accounts.,Bug / System Error,Critical
TCK-10460,Issue logged via web portal: Crash report: Worker thread terminated unexpectedly with OutOfMemoryError: Java heap space while rendering the executive KPI dashboard. Causes immediate revenue loss and prevents checkout completion.,Bug / System Error,Critical
TCK-10970,"Account marked past due and suspended, but wire transfer of $528 was completed 3 business days ago. This is blocking the entire finance department from closing month-end accounts.",Billing & Payment,High
TCK-10668,Critical alert logged: Payment gateway webhook failed after customer checkout; customer was charged but order shows unpaid. Halts all production CI/CD deployments across engineering.,Billing & Payment,Critical
TCK-11826,Automated monitoring alert: Please provide a public REST API endpoint allowing programmatic retrieval of workspace analytics metrics. This is blocking the entire finance department from closing month-end accounts.,Feature Request,Medium
TCK-11545,Internal incident report: Would appreciate an automated weekly email digest summarizing team performance and open ticket counts. Visual bug only; functional workflows remain operational.,Feature Request,Critical
TCK-11935,Can we add granular tag-based filtering and custom multi-select fields to the main ticket view? This is blocking the entire finance department from closing month-end accounts.,Feature Request,Low
TCK-10514,Inquiry received: Our corporate account was billed twice for invoice #21690. Total overcharge is $218. Visual bug only; functional workflows remain operational.,Billing & Payment,High
TCK-11221,Please grant Administrator privileges and workspace owner role to new hire k.chen@massivedynamic.com. Minor inconvenience for internal staff.,Account & Access,Medium
TCK-10400,Intermittent failure: rendering the executive KPI dashboard fails with SSL handshake failed: certificate expired for about 15% of requests. Halts all production CI/CD deployments across engineering.,Bug / System Error,Medium
TCK-10875,Direct message from enterprise admin: Credit card payment failed with code ERR_CARD_PROCESSOR_TIMEOUT for company Cyberdyne Systems. Halts all production CI/CD deployments across engineering.,Billing & Payment,High
TCK-10951,Cannot download tax / VAT invoice receipt for invoice #78664. Need it immediately for external audit. Causes immediate revenue loss and prevents checkout completion.,Billing & Payment,Critical
TCK-11693,"Automated monitoring alert: Feature enhancement: Support multi-currency checkout (EUR, GBP, JPY, CAD) on the customer-facing billing page. Low impact, customer is just inquiring for future planning.",Feature Request,Medium
TCK-10617,Cannot download tax / VAT invoice receipt for invoice #21648. Need it immediately for external audit. Visual bug only; functional workflows remain operational.,Billing & Payment,Medium
TCK-11417,Critical alert logged: Two-Factor Authentication (2FA) SMS verification code is not being delivered to phone ending in 4427. Halts all production CI/CD deployments across engineering.,Account & Access,Critical
TCK-10415,Helpdesk dispatch: Application crashes consistently when saving nested profile permissions. Error message: 'Database connection pool exhausted'. Environment: using Chrome 122 on Windows 11. Minor inconvenience for internal staff.,Bug / System Error,Critical
TCK-12070,"User stated: Local Docker desktop engine fails to start, reporting 'Hardware-assisted virtualization is disabled in UEFI'. Visual bug only; functional workflows remain operational.",Technical / IT Support,Medium
TCK-11022,Support inquiry from tier-1: Account locked after multiple failed attempts. Please unlock username 'd.rossi' immediately. Visual bug only; functional workflows remain operational.,Account & Access,Medium
TCK-10726,"Disputed transaction: We were charged the Enterprise annual tier rate of $1,407 instead of monthly tier. Low impact, customer is just inquiring for future planning.",Billing & Payment,High
TCK-10659,Our corporate account was billed twice for invoice #53412. Total overcharge is $308. Visual bug only; functional workflows remain operational.,Billing & Payment,High
TCK-11445,"Automated monitoring alert: Account locked after multiple failed attempts. Please unlock username 'l.muller' immediately. Low impact, customer is just inquiring for future planning.",Account & Access,Medium
TCK-10503,Please remove expired corporate credit card ending in 8066 and assign the new Amex as default. Minor inconvenience for internal staff.,Billing & Payment,Low
TCK-12399,Corporate VPN gateway is rejecting connections with 'TLS Handshake Failed'. Remote engineers cannot access servers. No immediate workaround available; critical customer escalation.,Technical / IT Support,Critical
TCK-10641,"Helpdesk dispatch: Cannot download tax / VAT invoice receipt for invoice #37030. Need it immediately for external audit. Low impact, customer is just inquiring for future planning.",Billing & Payment,Medium
TCK-11108,User stated: Received '403 Forbidden: Insufficient Permissions' when trying to access workspace 'Initech LLC' despite being admin. Causes immediate revenue loss and prevents checkout completion.,Account & Access,Medium
TCK-10027,Helpdesk dispatch: Intermittent failure: filtering transaction logs by timestamp fails with java.lang.NullPointerException for about 15% of requests. Causes immediate revenue loss and prevents checkout completion.,Bug / System Error,Medium
TCK-11188,Received '403 Forbidden: Insufficient Permissions' when trying to access workspace 'Acme Corp' despite being admin. This is blocking the entire finance department from closing month-end accounts.,Account & Access,Medium
TCK-10207,"Direct message from enterprise admin: Data corruption risk: After generating the annual revenue reconciliation report, previously saved records disappear from Checkout Service. High severity as our SLA requires a resolution within 2 hours.",Bug / System Error,Critical
TCK-10396,"Automated monitoring alert: Bug discovered in Inventory Microservice: filtering transaction logs by timestamp yields incorrect calculation results. Only affects a single user, but workaround is cumbersome.",Bug / System Error,Critical
TCK-10512,"Direct message from enterprise admin: Account marked past due and suspended, but wire transfer of $286 was completed 3 business days ago. No immediate workaround available; critical customer escalation.",Billing & Payment,Critical
TCK-11893,"Requesting Webhook support for ticket status updates so our engineering team can trigger custom Slack alerts. Affects more than 2,000 active concurrent users.",Feature Request,Low
TCK-10392,"User stated: Data corruption risk: After uploading a 25MB CSV data file, previously saved records disappear from Notification Queue. Minor inconvenience for internal staff.",Bug / System Error,Critical
TCK-10771,"Issue logged via web portal: Our corporate account was billed twice for invoice #36179. Total overcharge is $1,653. High severity as our SLA requires a resolution within 2 hours.",Billing & Payment,High
TCK-11140,"User session randomly terminates every 3 minutes, forcing re-authentication on via Android app v4.2.1. High severity as our SLA requires a resolution within 2 hours.",Account & Access,Medium
TCK-10989,"User stated: Our corporate account was billed twice for invoice #66750. Total overcharge is $1,959. This is blocking the entire finance department from closing month-end accounts.",Billing & Payment,High
TCK-11988,Critical alert logged: Would appreciate an automated weekly email digest summarizing team performance and open ticket counts. Causes immediate revenue loss and prevents checkout completion.,Feature Request,Low
TCK-10430,Client wrote: Unhandled exception thrown during rendering the executive KPI dashboard. Stack trace indicates Deadlock detected in transaction #TX-9482. connecting through corporate Zscaler VPN. Halts all production CI/CD deployments across engineering.,Bug / System Error,High
TCK-11171,How can I transfer primary account ownership from l.muller@massivedynamic.com to finance@company.com? This is blocking the entire finance department from closing month-end accounts.,Account & Access,Low
TCK-10735,"Our corporate account was billed twice for invoice #35055. Total overcharge is $3,071. Causes immediate revenue loss and prevents checkout completion.",Billing & Payment,High
TCK-10909,"Support inquiry from tier-1: Please update our billing address to 127 Market St, San Francisco and re-send the invoice #37339. Minor inconvenience for internal staff.",Billing & Payment,Low
TCK-11052,"Support inquiry from tier-1: Two-Factor Authentication (2FA) SMS verification code is not being delivered to phone ending in 5539. Only affects a single user, but workaround is cumbersome.",Account & Access,Critical
TCK-11761,"Internal incident report: Feature request: Allow custom branding and company logo white-labeling on client-facing export reports. Only affects a single user, but workaround is cumbersome.",Feature Request,Low
TCK-11615,Issue logged via web portal: Feature Request: Please add native Dark Mode support across the entire web application dashboard. No immediate workaround available; critical customer escalation.,Feature Request,Low
TCK-11269,Password reset link gives 'HTTP 400 Token Invalid or Expired' immediately upon opening. Visual bug only; functional workflows remain operational.,Account & Access,High
TCK-12374,Report from customer success: Floor 3 network printer is displaying 'Paper Jam Error 52' even though the internal tray is completely clear. Minor inconvenience for internal staff.,Technical / IT Support,Low
TCK-12156,"Client wrote: Physical Ethernet port at desk #38 has no link light and does not assign a DHCP IP address. Only affects a single user, but workaround is cumbersome.",Technical / IT Support,Critical
TCK-10213,"UI regression: Form fields overlap and become unclickable in Analytics Dashboard when rendering the executive KPI dashboard. Affects more than 2,000 active concurrent users.",Bug / System Error,Medium
TCK-11780,Feature Request: Please add native Dark Mode support across the entire web application dashboard. Causes immediate revenue loss and prevents checkout completion.,Feature Request,Low
TCK-11945,Helpdesk dispatch: Kindly increase maximum file upload limit from 10MB to 100MB to support uploading short debugging screen recordings. No immediate workaround available; critical customer escalation.,Feature Request,Low
TCK-11713,User stated: Please provide a public REST API endpoint allowing programmatic retrieval of workspace analytics metrics. No immediate workaround available; critical customer escalation.,Feature Request,Medium
TCK-10754,"Our corporate account was billed twice for invoice #10667. Total overcharge is $3,575. Only affects a single user, but workaround is cumbersome.",Billing & Payment,Medium
TCK-10649,Cannot download tax / VAT invoice receipt for invoice #43955. Need it immediately for external audit. Halts all production CI/CD deployments across engineering.,Billing & Payment,Medium
TCK-10227,"Crash report: Worker thread terminated unexpectedly with HTTP 500 Internal Server Error while invoking the batch synchronization API. Low impact, customer is just inquiring for future planning.",Bug / System Error,Critical
TCK-10903,"Disputed transaction: We were charged the Enterprise annual tier rate of $4,378 instead of monthly tier. Minor inconvenience for internal staff.",Billing & Payment,High
TCK-11226,Urgent assistance requested: Locked out of account. Password reset email never arrives for user k.chen@acmecorp.com. Causes immediate revenue loss and prevents checkout completion.,Account & Access,High
TCK-10118,Crash report: Worker thread terminated unexpectedly with Deadlock detected in transaction #TX-9482 while clicking the bulk submit button. Minor inconvenience for internal staff.,Bug / System Error,Critical
TCK-11813,Escalation notice: Kindly increase maximum file upload limit from 10MB to 100MB to support uploading short debugging screen recordings. Causes immediate revenue loss and prevents checkout completion.,Feature Request,Low
TCK-11821,Urgent assistance requested: Kindly increase maximum file upload limit from 10MB to 100MB to support uploading short debugging screen recordings. This is blocking the entire finance department from closing month-end accounts.,Feature Request,Low
TCK-11193,Report from customer success: Security escalation: Unusual login detected from unrecognized IP in foreign jurisdiction for account d.rossi. High severity as our SLA requires a resolution within 2 hours.,Account & Access,Critical
TCK-11104,Customer reports: Received '403 Forbidden: Insufficient Permissions' when trying to access workspace 'Massive Dynamic' despite being admin. Minor inconvenience for internal staff.,Account & Access,High
TCK-10397,Ticket opened by employee: Intermittent failure: generating the annual revenue reconciliation report fails with ERR_CONNECTION_REFUSED on port 8080 for about 15% of requests. Causes immediate revenue loss and prevents checkout completion.,Bug / System Error,Medium
TCK-10513,"Please remove expired corporate credit card ending in 1797 and assign the new Amex as default. Low impact, customer is just inquiring for future planning.",Billing & Payment,Low
TCK-11393,Direct message from enterprise admin: Password reset link gives 'HTTP 400 Token Invalid or Expired' immediately upon opening. Halts all production CI/CD deployments across engineering.,Account & Access,High
TCK-10106,Encountered a fatal crash during uploading a 25MB CSV data file. The screen went completely blank and logged HTTP 504 Gateway Timeout. This is blocking the entire finance department from closing month-end accounts.,Bug / System Error,High
TCK-12056,Critical alert logged: Dual external monitors are not recognized when connecting Lenovo ThinkPad to the USB-C docking station. Halts all production CI/CD deployments across engineering.,Technical / IT Support,Low
TCK-10919,Critical alert logged: Payment gateway webhook failed after customer checkout; customer was charged but order shows unpaid. Minor inconvenience for internal staff.,Billing & Payment,Critical
TCK-11595,"Ticket opened by employee: Requesting comprehensive audit log viewer in the admin console to track configuration modifications. Low impact, customer is just inquiring for future planning.",Feature Request,High
TCK-12406,Automated monitoring alert: Internal code repository server (git.internal.corp) is completely unreachable; SSH connection timed out on port 22. Halts all production CI/CD deployments across engineering.,Technical / IT Support,Critical
TCK-11078,"Issue logged via web portal: How can I transfer primary account ownership from a.patel@hoolitech.com to finance@company.com? Low impact, customer is just inquiring for future planning.",Account & Access,Low
TCK-10202,Crash report: Worker thread terminated unexpectedly with OutOfMemoryError: Java heap space while rendering the executive KPI dashboard. High severity as our SLA requires a resolution within 2 hours.,Bug / System Error,Critical
TCK-11450,"Customer reports: User session randomly terminates every 3 minutes, forcing re-authentication on on dedicated AWS EC2 c5.4xlarge instance. No immediate workaround available; critical customer escalation.",Account & Access,Medium
TCK-10894,"Credit card payment failed with code ERR_CARD_PROCESSOR_TIMEOUT for company Hooli Tech. Only affects a single user, but workaround is cumbersome.",Billing & Payment,High
TCK-10208,"Urgent assistance requested: Data corruption risk: After rendering the executive KPI dashboard, previously saved records disappear from Analytics Dashboard. Low impact, customer is just inquiring for future planning.",Bug / System Error,High
TCK-10828,"Helpdesk dispatch: Our corporate account was billed twice for invoice #32376. Total overcharge is $4,347. Minor inconvenience for internal staff.",Billing & Payment,High
TCK-11137,Automated monitoring alert: Please grant Administrator privileges and workspace owner role to new hire m.garcia@globexglobal.com. High severity as our SLA requires a resolution within 2 hours.,Account & Access,Medium
TCK-10268,Crash report: Worker thread terminated unexpectedly with ERR_CONNECTION_REFUSED on port 8080 while invoking the batch synchronization API. Halts all production CI/CD deployments across engineering.,Bug / System Error,Critical
TCK-10819,Invoice #42598 has the incorrect legal entity tax ID. Please regenerate with GST/VAT #VAT-42598. High severity as our SLA requires a resolution within 2 hours.,Billing & Payment,Medium
TCK-11334,Client wrote: Company-wide SSO login outage: Okta SAML returns 'Invalid assertion signature'. All employees locked out! High severity as our SLA requires a resolution within 2 hours.,Account & Access,Critical
TCK-11268,User stated: Two-Factor Authentication (2FA) SMS verification code is not being delivered to phone ending in 3383. This is blocking the entire finance department from closing month-end accounts.,Account & Access,Critical
TCK-10237,Automated monitoring alert: UI regression: Form fields overlap and become unclickable in Inventory Microservice when clicking the bulk submit button. Halts all production CI/CD deployments across engineering.,Bug / System Error,Low
TCK-11999,Direct message from enterprise admin: Feature Request: Please add native Dark Mode support across the entire web application dashboard. No immediate workaround available; critical customer escalation.,Feature Request,Low
TCK-12108,Physical Ethernet port at desk #38 has no link light and does not assign a DHCP IP address. No immediate workaround available; critical customer escalation.,Technical / IT Support,Low
TCK-10079,Support inquiry from tier-1: Bug discovered in Batch Processing Worker: invoking the batch synchronization API yields incorrect calculation results. This is blocking the entire finance department from closing month-end accounts.,Bug / System Error,Critical
TCK-10332,"Support inquiry from tier-1: The export feature is generating corrupted, 0-byte files when clicking the bulk submit button. Affects more than 2,000 active concurrent users.",Bug / System Error,Critical
TCK-10738,"Disputed transaction: We were charged the Enterprise annual tier rate of $2,035 instead of monthly tier. No immediate workaround available; critical customer escalation.",Billing & Payment,Low
TCK-10583,Please remove expired corporate credit card ending in 5351 and assign the new Amex as default. Halts all production CI/CD deployments across engineering.,Billing & Payment,Low
TCK-12358,Support inquiry from tier-1: Need replacement 90W USB-C AC power adapter for Dell Latitude laptop; current cable has a frayed wire. Minor inconvenience for internal staff.,Technical / IT Support,Low
TCK-12216,"Internal code repository server (git.internal.corp) is completely unreachable; SSH connection timed out on port 22. Low impact, customer is just inquiring for future planning.",Technical / IT Support,Critical
TCK-11805,"We would love the ability to export all chart visualizations directly to high-res SVG or vector PDF. Affects more than 2,000 active concurrent users.",Feature Request,High
TCK-10220,Support inquiry from tier-1: UI regression: Form fields overlap and become unclickable in Reporting Engine when uploading a 25MB CSV data file. Halts all production CI/CD deployments across engineering.,Bug / System Error,Low
TCK-10979,Inquiry received: Invoice #54383 has the incorrect legal entity tax ID. Please regenerate with GST/VAT #VAT-54383. Minor inconvenience for internal staff.,Billing & Payment,Medium
TCK-10009,Search index seems desynchronized in Analytics Dashboard; new entries do not appear after invoking the batch synchronization API. Halts all production CI/CD deployments across engineering.,Bug / System Error,Medium
TCK-10836,"Inquiry received: Account marked past due and suspended, but wire transfer of $3,631 was completed 3 business days ago. Only affects a single user, but workaround is cumbersome.",Billing & Payment,Critical
TCK-12060,User stated: Office Wi-Fi in the 4th floor engineering wing is suffering severe packet loss and DNS resolution timeouts. Causes immediate revenue loss and prevents checkout completion.,Technical / IT Support,High
TCK-10293,Ticket opened by employee: Application crashes consistently when rendering the executive KPI dashboard. Error message: 'SocketTimeoutException after 30000ms'. Environment: within the European data region eu-west-1. No immediate workaround available; critical customer escalation.,Bug / System Error,Critical
TCK-10450,"Direct message from enterprise admin: Data corruption risk: After filtering transaction logs by timestamp, previously saved records disappear from Reporting Engine. High severity as our SLA requires a resolution within 2 hours.",Bug / System Error,Critical
TCK-10600,Escalation notice: Subscription auto-renewed without prior 30-day notice; requesting full refund for unused seat licenses. This is blocking the entire finance department from closing month-end accounts.,Billing & Payment,Medium
TCK-11287,"Critical alert logged: Please grant Administrator privileges and workspace owner role to new hire d.rossi@acmecorp.com. Affects more than 2,000 active concurrent users.",Account & Access,Medium
TCK-11355,"Escalation notice: Security escalation: Unusual login detected from unrecognized IP in foreign jurisdiction for account d.rossi. Only affects a single user, but workaround is cumbersome.",Account & Access,Critical
TCK-10624,"Please update our billing address to 733 Market St, Toronto and re-send the invoice #93633. This is blocking the entire finance department from closing month-end accounts.",Billing & Payment,Low
TCK-10458,Customer reports: Search index seems desynchronized in Reporting Engine; new entries do not appear after executing SQL query against reporting replica. Visual bug only; functional workflows remain operational.,Bug / System Error,Medium
TCK-12432,Urgent assistance requested: Corporate VPN gateway is rejecting connections with 'TLS Handshake Failed'. Remote engineers cannot access servers. No immediate workaround available; critical customer escalation.,Technical / IT Support,Critical
TCK-11144,Please grant Administrator privileges and workspace owner role to new hire e.dubois@cyberdynesystems.com. This is blocking the entire finance department from closing month-end accounts.,Account & Access,Medium
TCK-11886,"Helpdesk dispatch: Would appreciate an automated weekly email digest summarizing team performance and open ticket counts. Low impact, customer is just inquiring for future planning.",Feature Request,Low
TCK-10238,"Data corruption risk: After uploading a 25MB CSV data file, previously saved records disappear from Inventory Microservice. Low impact, customer is just inquiring for future planning.",Bug / System Error,Critical
TCK-10807,"Critical alert logged: Cannot download tax / VAT invoice receipt for invoice #82373. Need it immediately for external audit. Affects more than 2,000 active concurrent users.",Billing & Payment,High
TCK-10123,Crash report: Worker thread terminated unexpectedly with HTTP 500 Internal Server Error while executing SQL query against reporting replica. This is blocking the entire finance department from closing month-end accounts.,Bug / System Error,Critical
TCK-11956,Client wrote: Requesting comprehensive audit log viewer in the admin console to track configuration modifications. This is blocking the entire finance department from closing month-end accounts.,Feature Request,Medium
TCK-10817,"Our corporate account was billed twice for invoice #90386. Total overcharge is $2,750. Causes immediate revenue loss and prevents checkout completion.",Billing & Payment,Critical
TCK-12265,"Automated monitoring alert: Local Docker desktop engine fails to start, reporting 'Hardware-assisted virtualization is disabled in UEFI'. Only affects a single user, but workaround is cumbersome.",Technical / IT Support,Medium
TCK-10447,"Application crashes consistently when importing customer leads from Salesforce. Error message: 'HTTP 504 Gateway Timeout'. Environment: in internal Kubernetes namespace 'billing-prod'. Affects more than 2,000 active concurrent users.",Bug / System Error,Critical
TCK-12355,Client wrote: Floor 3 network printer is displaying 'Paper Jam Error 52' even though the internal tray is completely clear. Visual bug only; functional workflows remain operational.,Technical / IT Support,Low
TCK-11574,"Helpdesk dispatch: Please introduce keyboard navigation shortcuts (e.g., 'j/k' to traverse items, 'e' to archive) for power users. Causes immediate revenue loss and prevents checkout completion.",Feature Request,Low
TCK-11538,Escalation notice: Requesting Webhook support for ticket status updates so our engineering team can trigger custom Slack alerts. Causes immediate revenue loss and prevents checkout completion.,Feature Request,Low
TCK-10148,Crash report: Worker thread terminated unexpectedly with HTTP 502 Bad Gateway while uploading a 25MB CSV data file. This is blocking the entire finance department from closing month-end accounts.,Bug / System Error,Critical
TCK-11604,"Support inquiry from tier-1: Please introduce keyboard navigation shortcuts (e.g., 'j/k' to traverse items, 'e' to archive) for power users. Visual bug only; functional workflows remain operational.",Feature Request,Low
TCK-11015,"Need help configuring Role-Based Access Control (RBAC) permissions for third-party auditing contractors. Only affects a single user, but workaround is cumbersome.",Account & Access,Low
TCK-11267,How can I transfer primary account ownership from k.chen@acmecorp.com to finance@company.com? Visual bug only; functional workflows remain operational.,Account & Access,Low
TCK-11864,"Direct message from enterprise admin: Requesting comprehensive audit log viewer in the admin console to track configuration modifications. Only affects a single user, but workaround is cumbersome.",Feature Request,Low
TCK-11086,Client wrote: Company-wide SSO login outage: Okta SAML returns 'Invalid assertion signature'. All employees locked out! Causes immediate revenue loss and prevents checkout completion.,Account & Access,Critical
TCK-11556,We would love the ability to export all chart visualizations directly to high-res SVG or vector PDF. No immediate workaround available; critical customer escalation.,Feature Request,Low
TCK-10244,"Escalation notice: Data corruption risk: After clicking the bulk submit button, previously saved records disappear from Ingestion Pipeline. No immediate workaround available; critical customer escalation.",Bug / System Error,Critical
TCK-10658,"Urgent assistance requested: Please update our billing address to 483 Market St, Berlin and re-send the invoice #24246. Only affects a single user, but workaround is cumbersome.",Billing & Payment,Low
TCK-11100,Security escalation: Unusual login detected from unrecognized IP in foreign jurisdiction for account l.muller. Causes immediate revenue loss and prevents checkout completion.,Account & Access,Critical
TCK-10607,"Please update our billing address to 856 Market St, Singapore and re-send the invoice #78271. This is blocking the entire finance department from closing month-end accounts.",Billing & Payment,Low
TCK-11346,Helpdesk dispatch: Two-Factor Authentication (2FA) SMS verification code is not being delivered to phone ending in 1477. High severity as our SLA requires a resolution within 2 hours.,Account & Access,Critical
TCK-11775,"Inquiry received: We would love the ability to export all chart visualizations directly to high-res SVG or vector PDF. Affects more than 2,000 active concurrent users.",Feature Request,Low
TCK-10424,Application crashes consistently when processing payroll deductions for all employees. Error message: 'OutOfMemoryError: Java heap space'. Environment: within the European data region eu-west-1. Minor inconvenience for internal staff.,Bug / System Error,Critical
TCK-10414,"Inquiry received: Data corruption risk: After executing SQL query against reporting replica, previously saved records disappear from Checkout Service. No immediate workaround available; critical customer escalation.",Bug / System Error,Critical
TCK-11815,"Feature enhancement: Support multi-currency checkout (EUR, GBP, JPY, CAD) on the customer-facing billing page. This is blocking the entire finance department from closing month-end accounts.",Feature Request,Medium
TCK-10699,Requesting official formal price quote for expanding from 50 to 150 user licenses for Wayne Enterprises. This is blocking the entire finance department from closing month-end accounts.,Billing & Payment,Low
TCK-10144,"Application crashes consistently when processing payroll deductions for all employees. Error message: 'SocketTimeoutException after 30000ms'. Environment: in staging environment. Only affects a single user, but workaround is cumbersome.",Bug / System Error,Critical
TCK-11629,Escalation notice: Kindly increase maximum file upload limit from 10MB to 100MB to support uploading short debugging screen recordings. Halts all production CI/CD deployments across engineering.,Feature Request,Low
TCK-10183,Support inquiry from tier-1: Search index seems desynchronized in Checkout Service; new entries do not appear after clicking the bulk submit button. Visual bug only; functional workflows remain operational.,Bug / System Error,Medium
TCK-11508,Escalation notice: Kindly increase maximum file upload limit from 10MB to 100MB to support uploading short debugging screen recordings. This is blocking the entire finance department from closing month-end accounts.,Feature Request,Low
TCK-12225,Assistance needed to configure corporate AWS CLI credentials and kubectl context on developer workstation. Visual bug only; functional workflows remain operational.,Technical / IT Support,Low
TCK-11874,Issue logged via web portal: Please provide a public REST API endpoint allowing programmatic retrieval of workspace analytics metrics. Minor inconvenience for internal staff.,Feature Request,Medium
TCK-11852,Direct message from enterprise admin: Kindly increase maximum file upload limit from 10MB to 100MB to support uploading short debugging screen recordings. Visual bug only; functional workflows remain operational.,Feature Request,Low
TCK-10466,UI regression: Form fields overlap and become unclickable in Inventory Microservice when uploading a 25MB CSV data file. Halts all production CI/CD deployments across engineering.,Bug / System Error,Low
TCK-10990,Internal incident report: Need clarification on line-item usage charges for data egress on current monthly billing statement. Halts all production CI/CD deployments across engineering.,Billing & Payment,High
TCK-11802,"Issue logged via web portal: Please provide a public REST API endpoint allowing programmatic retrieval of workspace analytics metrics. Affects more than 2,000 active concurrent users.",Feature Request,Medium
TCK-10455,Automated monitoring alert: Encountered a fatal crash during saving nested profile permissions. The screen went completely blank and logged HTTP 504 Gateway Timeout. High severity as our SLA requires a resolution within 2 hours.,Bug / System Error,High
TCK-10337,"Ticket opened by employee: The export feature is generating corrupted, 0-byte files when rendering the executive KPI dashboard. No immediate workaround available; critical customer escalation.",Bug / System Error,Medium
TCK-12214,Inquiry received: Need replacement 90W USB-C AC power adapter for Dell Latitude laptop; current cable has a frayed wire. Minor inconvenience for internal staff.,Technical / IT Support,Low
TCK-10362,"Support inquiry from tier-1: The export feature is generating corrupted, 0-byte files when executing SQL query against reporting replica. High severity as our SLA requires a resolution within 2 hours.",Bug / System Error,Medium
TCK-10945,User stated: Payment gateway webhook failed after customer checkout; customer was charged but order shows unpaid. Minor inconvenience for internal staff.,Billing & Payment,Critical
TCK-10138,"Urgent assistance requested: Search index seems desynchronized in Reporting Engine; new entries do not appear after filtering transaction logs by timestamp. Affects more than 2,000 active concurrent users.",Bug / System Error,Medium
TCK-11649,Internal incident report: Kindly increase maximum file upload limit from 10MB to 100MB to support uploading short debugging screen recordings. Halts all production CI/CD deployments across engineering.,Feature Request,Low
TCK-11758,Direct message from enterprise admin: Can you support bulk employee CSV upload? Manually creating individual user accounts is too slow. Halts all production CI/CD deployments across engineering.,Feature Request,Medium
TCK-12252,Floor 3 network printer is displaying 'Paper Jam Error 52' even though the internal tray is completely clear. This is blocking the entire finance department from closing month-end accounts.,Technical / IT Support,Low
TCK-11377,"Automated monitoring alert: User session randomly terminates every 3 minutes, forcing re-authentication on in staging environment. No immediate workaround available; critical customer escalation.",Account & Access,Medium
TCK-12069,Automated monitoring alert: Corporate VPN gateway is rejecting connections with 'TLS Handshake Failed'. Remote engineers cannot access servers. No immediate workaround available; critical customer escalation.,Technical / IT Support,Critical
TCK-11324,Company-wide SSO login outage: Okta SAML returns 'Invalid assertion signature'. All employees locked out! Minor inconvenience for internal staff.,Account & Access,Critical
TCK-11057,"User stated: Please grant Administrator privileges and workspace owner role to new hire m.garcia@hoolitech.com. Only affects a single user, but workaround is cumbersome.",Account & Access,Medium
TCK-11947,"Report from customer success: Please introduce keyboard navigation shortcuts (e.g., 'j/k' to traverse items, 'e' to archive) for power users. High severity as our SLA requires a resolution within 2 hours.",Feature Request,Low
TCK-11219,Received '403 Forbidden: Insufficient Permissions' when trying to access workspace 'Wayne Enterprises' despite being admin. Halts all production CI/CD deployments across engineering.,Account & Access,Medium
TCK-11994,Can you support bulk employee CSV upload? Manually creating individual user accounts is too slow. No immediate workaround available; critical customer escalation.,Feature Request,Medium
TCK-10170,User stated: Encountered a fatal crash during uploading a 25MB CSV data file. The screen went completely blank and logged HTTP 401 Unauthorized. Visual bug only; functional workflows remain operational.,Bug / System Error,Medium
TCK-10066,Inquiry received: Application crashes consistently when rendering the executive KPI dashboard. Error message: 'java.lang.NullPointerException'. Environment: on mobile client iOS 17.4. Halts all production CI/CD deployments across engineering.,Bug / System Error,Critical
TCK-11737,Internal incident report: Feature request: Allow custom branding and company logo white-labeling on client-facing export reports. Halts all production CI/CD deployments across engineering.,Feature Request,Low
TCK-10197,Automated monitoring alert: UI regression: Form fields overlap and become unclickable in Inventory Microservice when uploading a 25MB CSV data file. No immediate workaround available; critical customer escalation.,Bug / System Error,Low
TCK-11957,Automated monitoring alert: Feature Request: Please add native Dark Mode support across the entire web application dashboard. This is blocking the entire finance department from closing month-end accounts.,Feature Request,Low
TCK-12424,Direct message from enterprise admin: Dual external monitors are not recognized when connecting Lenovo ThinkPad to the USB-C docking station. This is blocking the entire finance department from closing month-end accounts.,Technical / IT Support,Low
TCK-10993,"Disputed transaction: We were charged the Enterprise annual tier rate of $3,573 instead of monthly tier. This is blocking the entire finance department from closing month-end accounts.",Billing & Payment,High
TCK-10798,"Urgent assistance requested: Please update our billing address to 918 Market St, Singapore and re-send the invoice #41594. Causes immediate revenue loss and prevents checkout completion.",Billing & Payment,Low
TCK-10805,Direct message from enterprise admin: Credit card payment failed with code ERR_CARD_PROCESSOR_TIMEOUT for company Wayne Enterprises. Visual bug only; functional workflows remain operational.,Billing & Payment,High
TCK-11620,Escalation notice: Feature request: Allow custom branding and company logo white-labeling on client-facing export reports. Halts all production CI/CD deployments across engineering.,Feature Request,Low
TCK-11825,Direct message from enterprise admin: We would love the ability to export all chart visualizations directly to high-res SVG or vector PDF. Minor inconvenience for internal staff.,Feature Request,Low
TCK-11795,Client wrote: Would appreciate an automated weekly email digest summarizing team performance and open ticket counts. This is blocking the entire finance department from closing month-end accounts.,Feature Request,Low
TCK-10116,Internal incident report: UI regression: Form fields overlap and become unclickable in Checkout Service when executing SQL query against reporting replica. No immediate workaround available; critical customer escalation.,Bug / System Error,Low
TCK-10134,"Internal incident report: The export feature is generating corrupted, 0-byte files when filtering transaction logs by timestamp. Low impact, customer is just inquiring for future planning.",Bug / System Error,Medium
TCK-11004,Please grant Administrator privileges and workspace owner role to new hire l.muller@acmecorp.com. Minor inconvenience for internal staff.,Account & Access,Medium
TCK-10497,Infinite loop / UI freeze occurs whenever a user attempts uploading a 25MB CSV data file on using Chrome 122 on Windows 11. Halts all production CI/CD deployments across engineering.,Bug / System Error,High
TCK-11056,"Helpdesk dispatch: Please grant Administrator privileges and workspace owner role to new hire t.tanaka@starkindustries.com. Low impact, customer is just inquiring for future planning.",Account & Access,Medium
TCK-11090,Helpdesk dispatch: Two-Factor Authentication (2FA) SMS verification code is not being delivered to phone ending in 2082. Visual bug only; functional workflows remain operational.,Account & Access,Critical
TCK-12373,Client wrote: Corporate VPN gateway is rejecting connections with 'TLS Handshake Failed'. Remote engineers cannot access servers. Minor inconvenience for internal staff.,Technical / IT Support,Critical
TCK-10091,Unhandled exception thrown during generating the annual revenue reconciliation report. Stack trace indicates HTTP 500 Internal Server Error. via Android app v4.2.1. Causes immediate revenue loss and prevents checkout completion.,Bug / System Error,High
TCK-12497,Client wrote: Dual external monitors are not recognized when connecting Lenovo ThinkPad to the USB-C docking station. This is blocking the entire finance department from closing month-end accounts.,Technical / IT Support,Low
TCK-12414,"Internal code repository server (git.internal.corp) is completely unreachable; SSH connection timed out on port 22. Affects more than 2,000 active concurrent users.",Technical / IT Support,Critical
TCK-11286,Account locked after multiple failed attempts. Please unlock username 't.tanaka' immediately. This is blocking the entire finance department from closing month-end accounts.,Account & Access,Low
TCK-12154,"Outlook desktop app crashes repeatedly during startup with error 'MAPI32.DLL missing or corrupt'. Only affects a single user, but workaround is cumbersome.",Technical / IT Support,Medium
TCK-10589,Client wrote: Cannot download tax / VAT invoice receipt for invoice #60650. Need it immediately for external audit. High severity as our SLA requires a resolution within 2 hours.,Billing & Payment,Medium
TCK-12239,Requesting standard workstation hardware provisioning for incoming senior software engineer starting next week. No immediate workaround available; critical customer escalation.,Technical / IT Support,Low
TCK-11837,"Client wrote: Please introduce keyboard navigation shortcuts (e.g., 'j/k' to traverse items, 'e' to archive) for power users. Halts all production CI/CD deployments across engineering.",Feature Request,Low
TCK-11239,"Helpdesk dispatch: How can I transfer primary account ownership from l.muller@hoolitech.com to finance@company.com? Low impact, customer is just inquiring for future planning.",Account & Access,Low
TCK-10688,Cannot download tax / VAT invoice receipt for invoice #65191. Need it immediately for external audit. High severity as our SLA requires a resolution within 2 hours.,Billing & Payment,High
TCK-12261,"Escalation notice: Requesting standard workstation hardware provisioning for incoming senior software engineer starting next week. Affects more than 2,000 active concurrent users.",Technical / IT Support,Medium
TCK-12418,"Automated monitoring alert: Requesting standard workstation hardware provisioning for incoming senior software engineer starting next week. Affects more than 2,000 active concurrent users.",Technical / IT Support,Low
TCK-10296,"Crash report: Worker thread terminated unexpectedly with HTTP 500 Internal Server Error while processing payroll deductions for all employees. Affects more than 2,000 active concurrent users.",Bug / System Error,Medium
TCK-10897,"Account marked past due and suspended, but wire transfer of $1,196 was completed 3 business days ago. Visual bug only; functional workflows remain operational.",Billing & Payment,High
TCK-10179,Crash report: Worker thread terminated unexpectedly with ERR_CONNECTION_REFUSED on port 8080 while invoking the batch synchronization API. This is blocking the entire finance department from closing month-end accounts.,Bug / System Error,Critical
TCK-10065,"Direct message from enterprise admin: The export feature is generating corrupted, 0-byte files when filtering transaction logs by timestamp. Causes immediate revenue loss and prevents checkout completion.",Bug / System Error,Medium
TCK-11385,Received '403 Forbidden: Insufficient Permissions' when trying to access workspace 'Cyberdyne Systems' despite being admin. This is blocking the entire finance department from closing month-end accounts.,Account & Access,Medium
TCK-12377,Report from customer success: Floor 3 network printer is displaying 'Paper Jam Error 52' even though the internal tray is completely clear. Halts all production CI/CD deployments across engineering.,Technical / IT Support,Low
TCK-10678,Cannot download tax / VAT invoice receipt for invoice #23137. Need it immediately for external audit. Visual bug only; functional workflows remain operational.,Billing & Payment,Medium
TCK-11002,Ticket opened by employee: How can I transfer primary account ownership from k.chen@massivedynamic.com to finance@company.com? This is blocking the entire finance department from closing month-end accounts.,Account & Access,Low
TCK-10867,Disputed transaction: We were charged the Enterprise annual tier rate of $203 instead of monthly tier. Visual bug only; functional workflows remain operational.,Billing & Payment,High
TCK-11443,"Account locked after multiple failed attempts. Please unlock username 't.tanaka' immediately. Low impact, customer is just inquiring for future planning.",Account & Access,Medium
TCK-11823,Helpdesk dispatch: Feature request: Allow custom branding and company logo white-labeling on client-facing export reports. Visual bug only; functional workflows remain operational.,Feature Request,Low
TCK-10377,"Client wrote: Application crashes consistently when filtering transaction logs by timestamp. Error message: 'Deadlock detected in transaction #TX-9482'. Environment: on mobile client iOS 17.4. Only affects a single user, but workaround is cumbersome.",Bug / System Error,Critical
TCK-10791,Client wrote: Payment gateway webhook failed after customer checkout; customer was charged but order shows unpaid. Minor inconvenience for internal staff.,Billing & Payment,Critical
TCK-12295,Outlook desktop app crashes repeatedly during startup with error 'MAPI32.DLL missing or corrupt'. Causes immediate revenue loss and prevents checkout completion.,Technical / IT Support,Medium
TCK-11473,Support inquiry from tier-1: Please grant Administrator privileges and workspace owner role to new hire a.patel@umbrellacorp.com. This is blocking the entire finance department from closing month-end accounts.,Account & Access,Critical
TCK-10481,Report from customer success: Typo and visual bug: Text label displays 'Unkown Error' instead of valid status on Search Backend.,Bug / System Error,Low
TCK-10275,Infinite loop / UI freeze occurs whenever a user attempts filtering transaction logs by timestamp on using Chrome 122 on Windows 11. Minor inconvenience for internal staff.,Bug / System Error,Critical
TCK-10360,Automated monitoring alert: Crash report: Worker thread terminated unexpectedly with ERR_CONNECTION_REFUSED on port 8080 while clicking the bulk submit button. Visual bug only; functional workflows remain operational.,Bug / System Error,Critical
TCK-11272,Client wrote: Two-Factor Authentication (2FA) SMS verification code is not being delivered to phone ending in 3060. No immediate workaround available; critical customer escalation.,Account & Access,Critical
TCK-11890,Client wrote: Would appreciate an automated weekly email digest summarizing team performance and open ticket counts. Visual bug only; functional workflows remain operational.,Feature Request,Low
TCK-11526,Issue logged via web portal: Can we add granular tag-based filtering and custom multi-select fields to the main ticket view? Minor inconvenience for internal staff.,Feature Request,Low
TCK-10502,"Please update our billing address to 150 Market St, Sydney and re-send the invoice #21673. Halts all production CI/CD deployments across engineering.",Billing & Payment,Low
TCK-10248,"Data corruption risk: After executing SQL query against reporting replica, previously saved records disappear from Batch Processing Worker. Affects more than 2,000 active concurrent users.",Bug / System Error,Critical
TCK-12258,Helpdesk dispatch: Internal code repository server (git.internal.corp) is completely unreachable; SSH connection timed out on port 22. High severity as our SLA requires a resolution within 2 hours.,Technical / IT Support,Critical
TCK-11785,Automated monitoring alert: Requesting Webhook support for ticket status updates so our engineering team can trigger custom Slack alerts. Visual bug only; functional workflows remain operational.,Feature Request,Medium
TCK-12228,Urgent assistance requested: Assistance needed to configure corporate AWS CLI credentials and kubectl context on developer workstation. Halts all production CI/CD deployments across engineering.,Technical / IT Support,Low
TCK-11930,Feature request: Allow custom branding and company logo white-labeling on client-facing export reports. High severity as our SLA requires a resolution within 2 hours.,Feature Request,Low
TCK-11608,Please provide a public REST API endpoint allowing programmatic retrieval of workspace analytics metrics. Minor inconvenience for internal staff.,Feature Request,Medium
TCK-11471,"Critical alert logged: How can I transfer primary account ownership from k.chen@acmecorp.com to finance@company.com? Affects more than 2,000 active concurrent users.",Account & Access,Low
TCK-11255,Ticket opened by employee: Received '403 Forbidden: Insufficient Permissions' when trying to access workspace 'Stark Industries' despite being admin. This is blocking the entire finance department from closing month-end accounts.,Account & Access,Medium
TCK-11824,"User stated: Feature enhancement: Support multi-currency checkout (EUR, GBP, JPY, CAD) on the customer-facing billing page. Visual bug only; functional workflows remain operational.",Feature Request,Medium
TCK-11678,Report from customer success: Can you support bulk employee CSV upload? Manually creating individual user accounts is too slow. Causes immediate revenue loss and prevents checkout completion.,Feature Request,Medium
TCK-11674,"Please introduce keyboard navigation shortcuts (e.g., 'j/k' to traverse items, 'e' to archive) for power users. Causes immediate revenue loss and prevents checkout completion.",Feature Request,Low
TCK-11053,Inquiry received: Locked out of account. Password reset email never arrives for user e.dubois@cyberdynesystems.com. Causes immediate revenue loss and prevents checkout completion.,Account & Access,High
TCK-10082,Escalation notice: Search index seems desynchronized in Search Backend; new entries do not appear after saving nested profile permissions. Causes immediate revenue loss and prevents checkout completion.,Bug / System Error,Medium
TCK-10930,"Please update our billing address to 941 Market St, London and re-send the invoice #45665. No immediate workaround available; critical customer escalation.",Billing & Payment,Low
TCK-11277,"User session randomly terminates every 3 minutes, forcing re-authentication on on production cluster us-east-1. This is blocking the entire finance department from closing month-end accounts.",Account & Access,High
TCK-11276,Please grant Administrator privileges and workspace owner role to new hire j.smith@piedpiper.com. Visual bug only; functional workflows remain operational.,Account & Access,Medium
TCK-11711,"Internal incident report: Feature enhancement: Support multi-currency checkout (EUR, GBP, JPY, CAD) on the customer-facing billing page. No immediate workaround available; critical customer escalation.",Feature Request,Medium
TCK-12440,"Automated monitoring alert: Internal code repository server (git.internal.corp) is completely unreachable; SSH connection timed out on port 22. Affects more than 2,000 active concurrent users.",Technical / IT Support,Critical
TCK-10815,Automated monitoring alert: Need clarification on line-item usage charges for data egress on current monthly billing statement. Minor inconvenience for internal staff.,Billing & Payment,Low
TCK-10675,"Customer reports: Disputed transaction: We were charged the Enterprise annual tier rate of $2,341 instead of monthly tier. No immediate workaround available; critical customer escalation.",Billing & Payment,High
TCK-11153,"Urgent assistance requested: Received '403 Forbidden: Insufficient Permissions' when trying to access workspace 'Globex Global' despite being admin. Affects more than 2,000 active concurrent users.",Account & Access,Medium
TCK-10785,"Our corporate account was billed twice for invoice #46433. Total overcharge is $3,197. Only affects a single user, but workaround is cumbersome.",Billing & Payment,Medium
TCK-10122,"Issue logged via web portal: Unhandled exception thrown during rendering the executive KPI dashboard. Stack trace indicates ERR_CONNECTION_REFUSED on port 8080. on corporate Lenovo ThinkPad T14. Only affects a single user, but workaround is cumbersome.",Bug / System Error,High
TCK-11414,Urgent assistance requested: Please grant Administrator privileges and workspace owner role to new hire e.dubois@wayneenterprises.com. Halts all production CI/CD deployments across engineering.,Account & Access,Medium
TCK-11362,"Issue logged via web portal: User session randomly terminates every 3 minutes, forcing re-authentication on on employee MacBook Pro (macOS Sonoma). Visual bug only; functional workflows remain operational.",Account & Access,Medium
TCK-11664,Support inquiry from tier-1: Would appreciate an automated weekly email digest summarizing team performance and open ticket counts. No immediate workaround available; critical customer escalation.,Feature Request,Low
TCK-11734,Report from customer success: Can we add granular tag-based filtering and custom multi-select fields to the main ticket view? This is blocking the entire finance department from closing month-end accounts.,Feature Request,Low
TCK-12458,Physical Ethernet port at desk #38 has no link light and does not assign a DHCP IP address. High severity as our SLA requires a resolution within 2 hours.,Technical / IT Support,Low
TCK-10808,"Our corporate account was billed twice for invoice #26538. Total overcharge is $3,767. High severity as our SLA requires a resolution within 2 hours.",Billing & Payment,High
TCK-11749,"Escalation notice: Please introduce keyboard navigation shortcuts (e.g., 'j/k' to traverse items, 'e' to archive) for power users. Visual bug only; functional workflows remain operational.",Feature Request,Low
TCK-10024,Urgent assistance requested: Infinite loop / UI freeze occurs whenever a user attempts clicking the bulk submit button on connecting through corporate Zscaler VPN. High severity as our SLA requires a resolution within 2 hours.,Bug / System Error,High
TCK-10995,"Account marked past due and suspended, but wire transfer of $3,353 was completed 3 business days ago. Minor inconvenience for internal staff.",Billing & Payment,Critical
TCK-11481,"Automated monitoring alert: User session randomly terminates every 3 minutes, forcing re-authentication on on dedicated AWS EC2 c5.4xlarge instance. Affects more than 2,000 active concurrent users.",Account & Access,Medium
TCK-12199,Report from customer success: Office Wi-Fi in the 4th floor engineering wing is suffering severe packet loss and DNS resolution timeouts. Visual bug only; functional workflows remain operational.,Technical / IT Support,High
TCK-12280,Report from customer success: Internal code repository server (git.internal.corp) is completely unreachable; SSH connection timed out on port 22. Minor inconvenience for internal staff.,Technical / IT Support,Critical
TCK-11087,Company-wide SSO login outage: Okta SAML returns 'Invalid assertion signature'. All employees locked out! No immediate workaround available; critical customer escalation.,Account & Access,Critical
TCK-11332,Issue logged via web portal: Need help configuring Role-Based Access Control (RBAC) permissions for third-party auditing contractors. Causes immediate revenue loss and prevents checkout completion.,Account & Access,Low
TCK-11441,"Internal incident report: Need help configuring Role-Based Access Control (RBAC) permissions for third-party auditing contractors. Low impact, customer is just inquiring for future planning.",Account & Access,Low
TCK-12041,"Report from customer success: CrowdStrike endpoint sensor is consuming 98% CPU continuously, causing laptop to freeze. This is blocking the entire finance department from closing month-end accounts.",Technical / IT Support,High
TCK-10838,"Our corporate account was billed twice for invoice #43260. Total overcharge is $4,168. No immediate workaround available; critical customer escalation.",Billing & Payment,Medium
TCK-12480,Critical alert logged: Dual external monitors are not recognized when connecting Lenovo ThinkPad to the USB-C docking station. Causes immediate revenue loss and prevents checkout completion.,Technical / IT Support,Low
TCK-12263,"Support inquiry from tier-1: Requesting standard workstation hardware provisioning for incoming senior software engineer starting next week. Affects more than 2,000 active concurrent users.",Technical / IT Support,Medium
TCK-12118,"Critical alert logged: Outlook desktop app crashes repeatedly during startup with error 'MAPI32.DLL missing or corrupt'. Only affects a single user, but workaround is cumbersome.",Technical / IT Support,Medium
TCK-10335,Inquiry received: Bug discovered in Search Backend: executing SQL query against reporting replica yields incorrect calculation results. High severity as our SLA requires a resolution within 2 hours.,Bug / System Error,Medium
TCK-11832,Ticket opened by employee: Please provide a public REST API endpoint allowing programmatic retrieval of workspace analytics metrics. Causes immediate revenue loss and prevents checkout completion.,Feature Request,Medium
TCK-10328,"Data corruption risk: After clicking the bulk submit button, previously saved records disappear from Reporting Engine. Minor inconvenience for internal staff.",Bug / System Error,Critical
TCK-11541,Client wrote: Can we add granular tag-based filtering and custom multi-select fields to the main ticket view? This is blocking the entire finance department from closing month-end accounts.,Feature Request,Low
TCK-10331,Infinite loop / UI freeze occurs whenever a user attempts uploading a 25MB CSV data file on using Chrome 122 on Windows 11. No immediate workaround available; critical customer escalation.,Bug / System Error,High
TCK-11854,Client wrote: Can we add granular tag-based filtering and custom multi-select fields to the main ticket view? Halts all production CI/CD deployments across engineering.,Feature Request,Low
TCK-11131,Helpdesk dispatch: Immediate offboarding request: Please revoke all API tokens and deactivate account for former staff t.tanaka@initechllc.com. Halts all production CI/CD deployments across engineering.,Account & Access,High
TCK-11798,Support inquiry from tier-1: Would appreciate an automated weekly email digest summarizing team performance and open ticket counts. Minor inconvenience for internal staff.,Feature Request,Low
TCK-11122,"User session randomly terminates every 3 minutes, forcing re-authentication on on Ubuntu 22.04 LTS workstation. Affects more than 2,000 active concurrent users.",Account & Access,Medium
TCK-10173,"Escalation notice: Data corruption risk: After uploading a 25MB CSV data file, previously saved records disappear from Checkout Service. Visual bug only; functional workflows remain operational.",Bug / System Error,Critical
TCK-11238,How can I transfer primary account ownership from k.chen@acmecorp.com to finance@company.com? This is blocking the entire finance department from closing month-end accounts.,Account & Access,Low
TCK-10593,"Direct message from enterprise admin: Please update our billing address to 556 Market St, London and re-send the invoice #74350. Low impact, customer is just inquiring for future planning.",Billing & Payment,Low
TCK-12132,Automated monitoring alert: Physical Ethernet port at desk #38 has no link light and does not assign a DHCP IP address. High severity as our SLA requires a resolution within 2 hours.,Technical / IT Support,Low
TCK-10720,"Critical alert logged: Please update our billing address to 843 Market St, Sydney and re-send the invoice #92239. Halts all production CI/CD deployments across engineering.",Billing & Payment,Low
TCK-10349,Issue logged via web portal: Crash report: Worker thread terminated unexpectedly with HTTP 403 Forbidden - Access Denied while importing customer leads from Salesforce. Minor inconvenience for internal staff.,Bug / System Error,Critical
TCK-10113,Client wrote: Infinite loop / UI freeze occurs whenever a user attempts saving nested profile permissions on on Ubuntu 22.04 LTS workstation. High severity as our SLA requires a resolution within 2 hours.,Bug / System Error,High
TCK-12077,"Helpdesk dispatch: Dual external monitors are not recognized when connecting Lenovo ThinkPad to the USB-C docking station. Only affects a single user, but workaround is cumbersome.",Technical / IT Support,Low
TCK-12413,"Critical alert logged: Floor 3 network printer is displaying 'Paper Jam Error 52' even though the internal tray is completely clear. Only affects a single user, but workaround is cumbersome.",Technical / IT Support,Low
TCK-10575,"Automated monitoring alert: Subscription auto-renewed without prior 30-day notice; requesting full refund for unused seat licenses. Affects more than 2,000 active concurrent users.",Billing & Payment,Medium
TCK-11658,"Direct message from enterprise admin: Feature Request: Please add native Dark Mode support across the entire web application dashboard. Only affects a single user, but workaround is cumbersome.",Feature Request,Low
TCK-10201,Unhandled exception thrown during executing SQL query against reporting replica. Stack trace indicates java.lang.NullPointerException. on mobile client iOS 17.4. No immediate workaround available; critical customer escalation.,Bug / System Error,High
TCK-11378,"Customer reports: Company-wide SSO login outage: Okta SAML returns 'Invalid assertion signature'. All employees locked out! Low impact, customer is just inquiring for future planning.",Account & Access,Critical
TCK-10310,Encountered a fatal crash during generating the annual revenue reconciliation report. The screen went completely blank and logged SSL handshake failed: certificate expired. Causes immediate revenue loss and prevents checkout completion.,Bug / System Error,High
TCK-10661,Requesting official formal price quote for expanding from 50 to 150 user licenses for Stark Industries. This is blocking the entire finance department from closing month-end accounts.,Billing & Payment,Low
TCK-10920,Cannot download tax / VAT invoice receipt for invoice #92821. Need it immediately for external audit. Visual bug only; functional workflows remain operational.,Billing & Payment,Critical
TCK-12293,Inquiry received: Dual external monitors are not recognized when connecting Lenovo ThinkPad to the USB-C docking station. Halts all production CI/CD deployments across engineering.,Technical / IT Support,Low
TCK-10473,Infinite loop / UI freeze occurs whenever a user attempts invoking the batch synchronization API on in staging environment. High severity as our SLA requires a resolution within 2 hours.,Bug / System Error,High
TCK-12378,"Helpdesk dispatch: Assistance needed to configure corporate AWS CLI credentials and kubectl context on developer workstation. Only affects a single user, but workaround is cumbersome.",Technical / IT Support,Low
TCK-11646,Ticket opened by employee: Feature Request: Please add native Dark Mode support across the entire web application dashboard. This is blocking the entire finance department from closing month-end accounts.,Feature Request,Low
TCK-11382,Report from customer success: Received '403 Forbidden: Insufficient Permissions' when trying to access workspace 'Wayne Enterprises' despite being admin. This is blocking the entire finance department from closing month-end accounts.,Account & Access,Medium
TCK-12361,Escalation notice: Physical Ethernet port at desk #38 has no link light and does not assign a DHCP IP address. Visual bug only; functional workflows remain operational.,Technical / IT Support,High
TCK-10105,Urgent assistance requested: Bug discovered in Analytics Dashboard: processing payroll deductions for all employees yields incorrect calculation results. No immediate workaround available; critical customer escalation.,Bug / System Error,Critical
TCK-10621,Please remove expired corporate credit card ending in 9557 and assign the new Amex as default. This is blocking the entire finance department from closing month-end accounts.,Billing & Payment,Low
TCK-12297,Assistance needed to configure corporate AWS CLI credentials and kubectl context on developer workstation. Halts all production CI/CD deployments across engineering.,Technical / IT Support,Low
TCK-10934,"Our corporate account was billed twice for invoice #57277. Total overcharge is $3,505. Affects more than 2,000 active concurrent users.",Billing & Payment,Low
TCK-12262,Direct message from enterprise admin: Floor 3 network printer is displaying 'Paper Jam Error 52' even though the internal tray is completely clear. High severity as our SLA requires a resolution within 2 hours.,Technical / IT Support,Low
TCK-10535,Our corporate account was billed twice for invoice #61546. Total overcharge is $353. This is blocking the entire finance department from closing month-end accounts.,Billing & Payment,Medium
TCK-10187,Bug discovered in Ingestion Pipeline: saving nested profile permissions yields incorrect calculation results. No immediate workaround available; critical customer escalation.,Bug / System Error,Critical
TCK-12059,Issue logged via web portal: Floor 3 network printer is displaying 'Paper Jam Error 52' even though the internal tray is completely clear. Halts all production CI/CD deployments across engineering.,Technical / IT Support,Critical
TCK-11302,Helpdesk dispatch: Account locked after multiple failed attempts. Please unlock username 'a.patel' immediately. No immediate workaround available; critical customer escalation.,Account & Access,Low
TCK-12371,Internal incident report: Dual external monitors are not recognized when connecting Lenovo ThinkPad to the USB-C docking station. Visual bug only; functional workflows remain operational.,Technical / IT Support,Low
TCK-11225,"Issue logged via web portal: User session randomly terminates every 3 minutes, forcing re-authentication on on dedicated AWS EC2 c5.4xlarge instance. Affects more than 2,000 active concurrent users.",Account & Access,Medium
TCK-11220,Urgent assistance requested: Two-Factor Authentication (2FA) SMS verification code is not being delivered to phone ending in 3728. High severity as our SLA requires a resolution within 2 hours.,Account & Access,Critical
TCK-10130,Customer reports: Crash report: Worker thread terminated unexpectedly with java.lang.NullPointerException while processing payroll deductions for all employees. No immediate workaround available; critical customer escalation.,Bug / System Error,High
TCK-10157,"UI regression: Form fields overlap and become unclickable in Ingestion Pipeline when invoking the batch synchronization API. Affects more than 2,000 active concurrent users.",Bug / System Error,Low
TCK-10234,"Escalation notice: Encountered a fatal crash during generating the annual revenue reconciliation report. The screen went completely blank and logged ERR_CONNECTION_REFUSED on port 8080. Low impact, customer is just inquiring for future planning.",Bug / System Error,High
TCK-10611,"Account marked past due and suspended, but wire transfer of $3,998 was completed 3 business days ago. Visual bug only; functional workflows remain operational.",Billing & Payment,Critical
TCK-10190,Search index seems desynchronized in Reporting Engine; new entries do not appear after rendering the executive KPI dashboard. No immediate workaround available; critical customer escalation.,Bug / System Error,Medium
TCK-11292,Two-Factor Authentication (2FA) SMS verification code is not being delivered to phone ending in 7247. Causes immediate revenue loss and prevents checkout completion.,Account & Access,Critical
TCK-12450,Assistance needed to configure corporate AWS CLI credentials and kubectl context on developer workstation. No immediate workaround available; critical customer escalation.,Technical / IT Support,Low
TCK-11192,"Account locked after multiple failed attempts. Please unlock username 'm.garcia' immediately. Affects more than 2,000 active concurrent users.",Account & Access,Medium
TCK-11720,Would appreciate an automated weekly email digest summarizing team performance and open ticket counts. Visual bug only; functional workflows remain operational.,Feature Request,Low
TCK-11548,"Feature request: Allow custom branding and company logo white-labeling on client-facing export reports. Low impact, customer is just inquiring for future planning.",Feature Request,Medium
TCK-11431,"Internal incident report: Account locked after multiple failed attempts. Please unlock username 'l.muller' immediately. Low impact, customer is just inquiring for future planning.",Account & Access,Medium
TCK-10057,Customer reports: UI regression: Form fields overlap and become unclickable in Ingestion Pipeline when invoking the batch synchronization API. Visual bug only; functional workflows remain operational.,Bug / System Error,Low
TCK-11094,Account locked after multiple failed attempts. Please unlock username 'k.chen' immediately. High severity as our SLA requires a resolution within 2 hours.,Account & Access,Medium
TCK-12388,"Automated monitoring alert: Assistance needed to configure corporate AWS CLI credentials and kubectl context on developer workstation. Low impact, customer is just inquiring for future planning.",Technical / IT Support,Low
TCK-10916,"Report from customer success: Requesting official formal price quote for expanding from 50 to 150 user licenses for Acme Corp. Affects more than 2,000 active concurrent users.",Billing & Payment,Low
TCK-11386,"Urgent assistance requested: User session randomly terminates every 3 minutes, forcing re-authentication on via Android app v4.2.1. Only affects a single user, but workaround is cumbersome.",Account & Access,Medium
TCK-10174,"Support inquiry from tier-1: The export feature is generating corrupted, 0-byte files when clicking the bulk submit button. No immediate workaround available; critical customer escalation.",Bug / System Error,Medium
TCK-11792,Requesting Webhook support for ticket status updates so our engineering team can trigger custom Slack alerts. Causes immediate revenue loss and prevents checkout completion.,Feature Request,Medium
TCK-10540,"Escalation notice: Please remove expired corporate credit card ending in 7187 and assign the new Amex as default. Low impact, customer is just inquiring for future planning.",Billing & Payment,High
TCK-10635,"Direct message from enterprise admin: Our corporate account was billed twice for invoice #48152. Total overcharge is $1,236. Minor inconvenience for internal staff.",Billing & Payment,High
TCK-10528,Direct message from enterprise admin: Need clarification on line-item usage charges for data egress on current monthly billing statement. No immediate workaround available; critical customer escalation.,Billing & Payment,Low
TCK-10961,"Payment gateway webhook failed after customer checkout; customer was charged but order shows unpaid. Affects more than 2,000 active concurrent users.",Billing & Payment,Critical
TCK-11918,"Automated monitoring alert: Can we add granular tag-based filtering and custom multi-select fields to the main ticket view? Only affects a single user, but workaround is cumbersome.",Feature Request,Low
TCK-12431,Escalation notice: Outlook desktop app crashes repeatedly during startup with error 'MAPI32.DLL missing or corrupt'. Halts all production CI/CD deployments across engineering.,Technical / IT Support,Medium
TCK-10948,Requesting official formal price quote for expanding from 50 to 150 user licenses for Stark Industries. No immediate workaround available; critical customer escalation.,Billing & Payment,Low
TCK-11628,"Urgent assistance requested: Please introduce keyboard navigation shortcuts (e.g., 'j/k' to traverse items, 'e' to archive) for power users. Low impact, customer is just inquiring for future planning.",Feature Request,Low
TCK-11182,Report from customer success: Company-wide SSO login outage: Okta SAML returns 'Invalid assertion signature'. All employees locked out! Visual bug only; functional workflows remain operational.,Account & Access,Critical
TCK-11941,"Internal incident report: Feature enhancement: Support multi-currency checkout (EUR, GBP, JPY, CAD) on the customer-facing billing page. Visual bug only; functional workflows remain operational.",Feature Request,Medium
TCK-11303,Automated monitoring alert: Password reset link gives 'HTTP 400 Token Invalid or Expired' immediately upon opening. No immediate workaround available; critical customer escalation.,Account & Access,High
TCK-11423,Support inquiry from tier-1: Two-Factor Authentication (2FA) SMS verification code is not being delivered to phone ending in 9778. Visual bug only; functional workflows remain operational.,Account & Access,Critical
TCK-10304,Customer reports: Typo and visual bug: Text label displays 'Unkown Error' instead of valid status on Notification Queue.,Bug / System Error,High
TCK-12139,"Floor 3 network printer is displaying 'Paper Jam Error 52' even though the internal tray is completely clear. Only affects a single user, but workaround is cumbersome.",Technical / IT Support,Low
TCK-10949,Invoice #53488 has the incorrect legal entity tax ID. Please regenerate with GST/VAT #VAT-53488. Causes immediate revenue loss and prevents checkout completion.,Billing & Payment,Medium
TCK-12096,"Local Docker desktop engine fails to start, reporting 'Hardware-assisted virtualization is disabled in UEFI'. Minor inconvenience for internal staff.",Technical / IT Support,Medium
TCK-11996,"User stated: Please introduce keyboard navigation shortcuts (e.g., 'j/k' to traverse items, 'e' to archive) for power users. Halts all production CI/CD deployments across engineering.",Feature Request,Low
TCK-11641,Escalation notice: We would love the ability to export all chart visualizations directly to high-res SVG or vector PDF. This is blocking the entire finance department from closing month-end accounts.,Feature Request,Low
TCK-10459,Intermittent failure: filtering transaction logs by timestamp fails with SocketTimeoutException after 30000ms for about 15% of requests. Minor inconvenience for internal staff.,Bug / System Error,Medium
TCK-10007,Intermittent failure: clicking the bulk submit button fails with HTTP 504 Gateway Timeout for about 15% of requests. High severity as our SLA requires a resolution within 2 hours.,Bug / System Error,Medium
TCK-12257,Customer reports: Floor 3 network printer is displaying 'Paper Jam Error 52' even though the internal tray is completely clear. Halts all production CI/CD deployments across engineering.,Technical / IT Support,Low
TCK-11412,Client wrote: Account locked after multiple failed attempts. Please unlock username 'j.smith' immediately. This is blocking the entire finance department from closing month-end accounts.,Account & Access,Medium
TCK-12322,Issue logged via web portal: Corporate VPN gateway is rejecting connections with 'TLS Handshake Failed'. Remote engineers cannot access servers. High severity as our SLA requires a resolution within 2 hours.,Technical / IT Support,Critical
TCK-10192,Typo and visual bug: Text label displays 'Unkown Error' instead of valid status on Analytics Dashboard.,Bug / System Error,High
TCK-12434,Customer reports: Outlook desktop app crashes repeatedly during startup with error 'MAPI32.DLL missing or corrupt'. No immediate workaround available; critical customer escalation.,Technical / IT Support,Medium
TCK-12370,Escalation notice: Requesting standard workstation hardware provisioning for incoming senior software engineer starting next week. This is blocking the entire finance department from closing month-end accounts.,Technical / IT Support,Low
TCK-12058,Internal incident report: Assistance needed to configure corporate AWS CLI credentials and kubectl context on developer workstation. Halts all production CI/CD deployments across engineering.,Technical / IT Support,Low
TCK-10271,"User stated: Search index seems desynchronized in Notification Queue; new entries do not appear after uploading a 25MB CSV data file. Low impact, customer is just inquiring for future planning.",Bug / System Error,Medium
TCK-12436,Support inquiry from tier-1: Requesting standard workstation hardware provisioning for incoming senior software engineer starting next week. Causes immediate revenue loss and prevents checkout completion.,Technical / IT Support,Low
TCK-11482,"Ticket opened by employee: Two-Factor Authentication (2FA) SMS verification code is not being delivered to phone ending in 7876. Only affects a single user, but workaround is cumbersome.",Account & Access,Critical
TCK-10330,Intermittent failure: uploading a 25MB CSV data file fails with SSL handshake failed: certificate expired for about 15% of requests. Minor inconvenience for internal staff.,Bug / System Error,Medium
TCK-11439,Client wrote: Account locked after multiple failed attempts. Please unlock username 'm.garcia' immediately. This is blocking the entire finance department from closing month-end accounts.,Account & Access,Medium
TCK-10733,Requesting official formal price quote for expanding from 50 to 150 user licenses for Acme Corp. Visual bug only; functional workflows remain operational.,Billing & Payment,Low
TCK-12136,Corporate VPN gateway is rejecting connections with 'TLS Handshake Failed'. Remote engineers cannot access servers. Visual bug only; functional workflows remain operational.,Technical / IT Support,Critical
TCK-10323,Search index seems desynchronized in Ingestion Pipeline; new entries do not appear after saving nested profile permissions. High severity as our SLA requires a resolution within 2 hours.,Bug / System Error,Low
TCK-10010,Critical alert logged: Search index seems desynchronized in Inventory Microservice; new entries do not appear after clicking the bulk submit button. High severity as our SLA requires a resolution within 2 hours.,Bug / System Error,Medium
TCK-10856,Invoice #10208 has the incorrect legal entity tax ID. Please regenerate with GST/VAT #VAT-10208. High severity as our SLA requires a resolution within 2 hours.,Billing & Payment,High
TCK-11827,"Client wrote: Feature request: Allow custom branding and company logo white-labeling on client-facing export reports. Affects more than 2,000 active concurrent users.",Feature Request,Low
TCK-10373,Escalation notice: Typo and visual bug: Text label displays 'Unkown Error' instead of valid status on Checkout Service.,Bug / System Error,Low
TCK-11317,Direct message from enterprise admin: Account locked after multiple failed attempts. Please unlock username 't.tanaka' immediately. Visual bug only; functional workflows remain operational.,Account & Access,Medium
TCK-12091,Need replacement 90W USB-C AC power adapter for Dell Latitude laptop; current cable has a frayed wire. Halts all production CI/CD deployments across engineering.,Technical / IT Support,Low
TCK-10153,Internal incident report: Typo and visual bug: Text label displays 'Unkown Error' instead of valid status on Ingestion Pipeline.,Bug / System Error,Low
TCK-10257,Internal incident report: Unhandled exception thrown during clicking the bulk submit button. Stack trace indicates ERR_CONNECTION_REFUSED on port 8080. on mobile client iOS 17.4. Visual bug only; functional workflows remain operational.,Bug / System Error,High
TCK-11453,Need help configuring Role-Based Access Control (RBAC) permissions for third-party auditing contractors. No immediate workaround available; critical customer escalation.,Account & Access,Low
TCK-10716,Client wrote: Requesting official formal price quote for expanding from 50 to 150 user licenses for Wayne Enterprises. No immediate workaround available; critical customer escalation.,Billing & Payment,Low
TCK-12195,Support inquiry from tier-1: Office Wi-Fi in the 4th floor engineering wing is suffering severe packet loss and DNS resolution timeouts. Minor inconvenience for internal staff.,Technical / IT Support,High
TCK-11075,Inquiry received: Received '403 Forbidden: Insufficient Permissions' when trying to access workspace 'Hooli Tech' despite being admin. No immediate workaround available; critical customer escalation.,Account & Access,Medium
TCK-12005,Automated monitoring alert: Assistance needed to configure corporate AWS CLI credentials and kubectl context on developer workstation. No immediate workaround available; critical customer escalation.,Technical / IT Support,Low
TCK-10551,"Our corporate account was billed twice for invoice #51948. Total overcharge is $1,217. Causes immediate revenue loss and prevents checkout completion.",Billing & Payment,High
TCK-11715,"Report from customer success: Feature enhancement: Support multi-currency checkout (EUR, GBP, JPY, CAD) on the customer-facing billing page. No immediate workaround available; critical customer escalation.",Feature Request,Low
TCK-11133,Client wrote: Account locked after multiple failed attempts. Please unlock username 'l.muller' immediately. Halts all production CI/CD deployments across engineering.,Account & Access,Medium
TCK-11019,Please grant Administrator privileges and workspace owner role to new hire a.patel@globexglobal.com. This is blocking the entire finance department from closing month-end accounts.,Account & Access,Medium
TCK-11297,"Direct message from enterprise admin: Received '403 Forbidden: Insufficient Permissions' when trying to access workspace 'Initech LLC' despite being admin. Low impact, customer is just inquiring for future planning.",Account & Access,Medium
TCK-10854,Requesting official formal price quote for expanding from 50 to 150 user licenses for Globex Global. Causes immediate revenue loss and prevents checkout completion.,Billing & Payment,Low
TCK-10765,"Customer reports: Account marked past due and suspended, but wire transfer of $3,794 was completed 3 business days ago. This is blocking the entire finance department from closing month-end accounts.",Billing & Payment,Critical
TCK-11561,User stated: Can we add granular tag-based filtering and custom multi-select fields to the main ticket view? Causes immediate revenue loss and prevents checkout completion.,Feature Request,Low
TCK-11461,How can I transfer primary account ownership from m.garcia@piedpiper.com to finance@company.com? Halts all production CI/CD deployments across engineering.,Account & Access,Low
TCK-12328,Critical alert logged: Office Wi-Fi in the 4th floor engineering wing is suffering severe packet loss and DNS resolution timeouts. No immediate workaround available; critical customer escalation.,Technical / IT Support,Low
TCK-11586,"Requesting Webhook support for ticket status updates so our engineering team can trigger custom Slack alerts. Only affects a single user, but workaround is cumbersome.",Feature Request,Medium
TCK-12286,"Local Docker desktop engine fails to start, reporting 'Hardware-assisted virtualization is disabled in UEFI'. No immediate workaround available; critical customer escalation.",Technical / IT Support,Medium
TCK-12200,"User stated: Assistance needed to configure corporate AWS CLI credentials and kubectl context on developer workstation. Low impact, customer is just inquiring for future planning.",Technical / IT Support,Low
TCK-10685,Support inquiry from tier-1: Requesting official formal price quote for expanding from 50 to 150 user licenses for Hooli Tech. Halts all production CI/CD deployments across engineering.,Billing & Payment,Low
TCK-10914,Invoice #29841 has the incorrect legal entity tax ID. Please regenerate with GST/VAT #VAT-29841. High severity as our SLA requires a resolution within 2 hours.,Billing & Payment,High
TCK-12327,Floor 3 network printer is displaying 'Paper Jam Error 52' even though the internal tray is completely clear. Causes immediate revenue loss and prevents checkout completion.,Technical / IT Support,Critical
TCK-10762,Escalation notice: Cannot download tax / VAT invoice receipt for invoice #30056. Need it immediately for external audit. This is blocking the entire finance department from closing month-end accounts.,Billing & Payment,Critical
TCK-11216,Account locked after multiple failed attempts. Please unlock username 'l.muller' immediately. Causes immediate revenue loss and prevents checkout completion.,Account & Access,Medium
TCK-11125,Customer reports: Received '403 Forbidden: Insufficient Permissions' when trying to access workspace 'Wayne Enterprises' despite being admin. Causes immediate revenue loss and prevents checkout completion.,Account & Access,Medium
TCK-10534,"Account marked past due and suspended, but wire transfer of $4,278 was completed 3 business days ago. Visual bug only; functional workflows remain operational.",Billing & Payment,Critical
TCK-10761,Please remove expired corporate credit card ending in 4662 and assign the new Amex as default. High severity as our SLA requires a resolution within 2 hours.,Billing & Payment,Low
TCK-12316,"Automated monitoring alert: Local Docker desktop engine fails to start, reporting 'Hardware-assisted virtualization is disabled in UEFI'. This is blocking the entire finance department from closing month-end accounts.",Technical / IT Support,Medium
TCK-10539,Client wrote: Disputed transaction: We were charged the Enterprise annual tier rate of $441 instead of monthly tier. No immediate workaround available; critical customer escalation.,Billing & Payment,High
TCK-10163,Helpdesk dispatch: Crash report: Worker thread terminated unexpectedly with HTTP 500 Internal Server Error while importing customer leads from Salesforce. High severity as our SLA requires a resolution within 2 hours.,Bug / System Error,Critical
TCK-10663,"Disputed transaction: We were charged the Enterprise annual tier rate of $1,534 instead of monthly tier. High severity as our SLA requires a resolution within 2 hours.",Billing & Payment,High
TCK-12014,Requesting standard workstation hardware provisioning for incoming senior software engineer starting next week. Causes immediate revenue loss and prevents checkout completion.,Technical / IT Support,Low
TCK-12245,"Dual external monitors are not recognized when connecting Lenovo ThinkPad to the USB-C docking station. Only affects a single user, but workaround is cumbersome.",Technical / IT Support,Low
TCK-11185,Two-Factor Authentication (2FA) SMS verification code is not being delivered to phone ending in 3790. Minor inconvenience for internal staff.,Account & Access,High
TCK-11102,Urgent assistance requested: Two-Factor Authentication (2FA) SMS verification code is not being delivered to phone ending in 2039. This is blocking the entire finance department from closing month-end accounts.,Account & Access,Critical
TCK-11652,Support inquiry from tier-1: Kindly increase maximum file upload limit from 10MB to 100MB to support uploading short debugging screen recordings. Visual bug only; functional workflows remain operational.,Feature Request,Low
TCK-10727,Please remove expired corporate credit card ending in 7126 and assign the new Amex as default. Visual bug only; functional workflows remain operational.,Billing & Payment,Low
TCK-12463,"Support inquiry from tier-1: Local Docker desktop engine fails to start, reporting 'Hardware-assisted virtualization is disabled in UEFI'. High severity as our SLA requires a resolution within 2 hours.",Technical / IT Support,Medium
TCK-11395,Locked out of account. Password reset email never arrives for user j.smith@wayneenterprises.com. Causes immediate revenue loss and prevents checkout completion.,Account & Access,Medium
TCK-10434,"The export feature is generating corrupted, 0-byte files when importing customer leads from Salesforce. Halts all production CI/CD deployments across engineering.",Bug / System Error,Medium
TCK-11152,"Client wrote: Immediate offboarding request: Please revoke all API tokens and deactivate account for former staff d.rossi@wayneenterprises.com. Affects more than 2,000 active concurrent users.",Account & Access,High
TCK-10239,Inquiry received: Search index seems desynchronized in Search Backend; new entries do not appear after uploading a 25MB CSV data file. High severity as our SLA requires a resolution within 2 hours.,Bug / System Error,Medium
TCK-12289,Critical alert logged: Outlook desktop app crashes repeatedly during startup with error 'MAPI32.DLL missing or corrupt'. No immediate workaround available; critical customer escalation.,Technical / IT Support,Medium
TCK-12302,Ticket opened by employee: Need replacement 90W USB-C AC power adapter for Dell Latitude laptop; current cable has a frayed wire. Minor inconvenience for internal staff.,Technical / IT Support,Low
TCK-10375,"Application crashes consistently when filtering transaction logs by timestamp. Error message: 'HTTP 504 Gateway Timeout'. Environment: via Android app v4.2.1. Low impact, customer is just inquiring for future planning.",Bug / System Error,Critical
TCK-11449,"Automated monitoring alert: How can I transfer primary account ownership from e.dubois@globexglobal.com to finance@company.com? Affects more than 2,000 active concurrent users.",Account & Access,Low
TCK-10732,Credit card payment failed with code ERR_CARD_PROCESSOR_TIMEOUT for company Hooli Tech. This is blocking the entire finance department from closing month-end accounts.,Billing & Payment,High
TCK-10518,"Issue logged via web portal: Please update our billing address to 402 Market St, New York and re-send the invoice #76932. Causes immediate revenue loss and prevents checkout completion.",Billing & Payment,Low
TCK-11980,Requesting Webhook support for ticket status updates so our engineering team can trigger custom Slack alerts. This is blocking the entire finance department from closing month-end accounts.,Feature Request,Medium
TCK-10597,"Issue logged via web portal: Please update our billing address to 110 Market St, Berlin and re-send the invoice #73538. Minor inconvenience for internal staff.",Billing & Payment,Low
TCK-10687,"Please update our billing address to 694 Market St, Sydney and re-send the invoice #57409. Affects more than 2,000 active concurrent users.",Billing & Payment,Low
TCK-10524,"Helpdesk dispatch: Our corporate account was billed twice for invoice #41801. Total overcharge is $1,699. Low impact, customer is just inquiring for future planning.",Billing & Payment,High
TCK-10422,Report from customer success: Application crashes consistently when rendering the executive KPI dashboard. Error message: 'HTTP 504 Gateway Timeout'. Environment: via Android app v4.2.1. Causes immediate revenue loss and prevents checkout completion.,Bug / System Error,Low
TCK-12174,Escalation notice: Office Wi-Fi in the 4th floor engineering wing is suffering severe packet loss and DNS resolution timeouts. This is blocking the entire finance department from closing month-end accounts.,Technical / IT Support,High
TCK-11070,"Escalation notice: Please grant Administrator privileges and workspace owner role to new hire k.chen@acmecorp.com. Only affects a single user, but workaround is cumbersome.",Account & Access,Medium
TCK-10783,"Critical alert logged: Please update our billing address to 475 Market St, Berlin and re-send the invoice #80964. No immediate workaround available; critical customer escalation.",Billing & Payment,Low
TCK-12386,Helpdesk dispatch: Corporate VPN gateway is rejecting connections with 'TLS Handshake Failed'. Remote engineers cannot access servers. No immediate workaround available; critical customer escalation.,Technical / IT Support,Critical
TCK-10378,Report from customer success: Typo and visual bug: Text label displays 'Unkown Error' instead of valid status on Analytics Dashboard.,Bug / System Error,Low
TCK-10492,"Data corruption risk: After saving nested profile permissions, previously saved records disappear from Reporting Engine. No immediate workaround available; critical customer escalation.",Bug / System Error,Critical
TCK-11838,Urgent assistance requested: Requesting comprehensive audit log viewer in the admin console to track configuration modifications. Causes immediate revenue loss and prevents checkout completion.,Feature Request,Critical
TCK-10781,Urgent assistance requested: Invoice #26608 has the incorrect legal entity tax ID. Please regenerate with GST/VAT #VAT-26608. This is blocking the entire finance department from closing month-end accounts.,Billing & Payment,Medium
TCK-11142,Inquiry received: Password reset link gives 'HTTP 400 Token Invalid or Expired' immediately upon opening. Visual bug only; functional workflows remain operational.,Account & Access,High
TCK-10648,Credit card payment failed with code ERR_CARD_PROCESSOR_TIMEOUT for company Globex Global. No immediate workaround available; critical customer escalation.,Billing & Payment,High
TCK-12097,"Direct message from enterprise admin: Local Docker desktop engine fails to start, reporting 'Hardware-assisted virtualization is disabled in UEFI'. Affects more than 2,000 active concurrent users.",Technical / IT Support,Medium
TCK-11919,"User stated: Feature Request: Please add native Dark Mode support across the entire web application dashboard. Affects more than 2,000 active concurrent users.",Feature Request,High
TCK-10031,Issue logged via web portal: Unhandled exception thrown during saving nested profile permissions. Stack trace indicates OutOfMemoryError: Java heap space. via Android app v4.2.1. Halts all production CI/CD deployments across engineering.,Bug / System Error,High
TCK-11514,Client wrote: Please provide a public REST API endpoint allowing programmatic retrieval of workspace analytics metrics. Visual bug only; functional workflows remain operational.,Feature Request,Medium
TCK-11636,Inquiry received: Feature Request: Please add native Dark Mode support across the entire web application dashboard. Minor inconvenience for internal staff.,Feature Request,Low
TCK-11106,Helpdesk dispatch: Account locked after multiple failed attempts. Please unlock username 'm.garcia' immediately. This is blocking the entire finance department from closing month-end accounts.,Account & Access,Medium
TCK-10176,"Crash report: Worker thread terminated unexpectedly with HTTP 502 Bad Gateway while processing payroll deductions for all employees. Affects more than 2,000 active concurrent users.",Bug / System Error,Critical
TCK-11617,Can you support bulk employee CSV upload? Manually creating individual user accounts is too slow. High severity as our SLA requires a resolution within 2 hours.,Feature Request,Medium
TCK-10728,Inquiry received: Please remove expired corporate credit card ending in 1490 and assign the new Amex as default. High severity as our SLA requires a resolution within 2 hours.,Billing & Payment,Low
TCK-10059,Direct message from enterprise admin: Unhandled exception thrown during importing customer leads from Salesforce. Stack trace indicates HTTP 502 Bad Gateway. using Chrome 122 on Windows 11. Causes immediate revenue loss and prevents checkout completion.,Bug / System Error,High
TCK-10676,Escalation notice: Payment gateway webhook failed after customer checkout; customer was charged but order shows unpaid. No immediate workaround available; critical customer escalation.,Billing & Payment,Critical
TCK-10500,Encountered a fatal crash during executing SQL query against reporting replica. The screen went completely blank and logged java.lang.NullPointerException. Minor inconvenience for internal staff.,Bug / System Error,High
TCK-12033,Floor 3 network printer is displaying 'Paper Jam Error 52' even though the internal tray is completely clear. No immediate workaround available; critical customer escalation.,Technical / IT Support,Low
TCK-10156,Inquiry received: Intermittent failure: uploading a 25MB CSV data file fails with HTTP 500 Internal Server Error for about 15% of requests. Visual bug only; functional workflows remain operational.,Bug / System Error,Medium
TCK-11020,Two-Factor Authentication (2FA) SMS verification code is not being delivered to phone ending in 5873. Visual bug only; functional workflows remain operational.,Account & Access,Critical
TCK-11564,"Can we add granular tag-based filtering and custom multi-select fields to the main ticket view? Low impact, customer is just inquiring for future planning.",Feature Request,Low
TCK-11809,Can we add granular tag-based filtering and custom multi-select fields to the main ticket view? Causes immediate revenue loss and prevents checkout completion.,Feature Request,Low
TCK-12017,Internal incident report: Corporate VPN gateway is rejecting connections with 'TLS Handshake Failed'. Remote engineers cannot access servers. Minor inconvenience for internal staff.,Technical / IT Support,Critical
TCK-11618,"Feature enhancement: Support multi-currency checkout (EUR, GBP, JPY, CAD) on the customer-facing billing page. High severity as our SLA requires a resolution within 2 hours.",Feature Request,Medium
TCK-11073,Escalation notice: Two-Factor Authentication (2FA) SMS verification code is not being delivered to phone ending in 1981. Halts all production CI/CD deployments across engineering.,Account & Access,Critical
TCK-10012,Escalation notice: Search index seems desynchronized in Search Backend; new entries do not appear after rendering the executive KPI dashboard. No immediate workaround available; critical customer escalation.,Bug / System Error,Critical
TCK-10858,Disputed transaction: We were charged the Enterprise annual tier rate of $880 instead of monthly tier. Causes immediate revenue loss and prevents checkout completion.,Billing & Payment,Medium
TCK-10172,Support inquiry from tier-1: Encountered a fatal crash during generating the annual revenue reconciliation report. The screen went completely blank and logged Database connection pool exhausted. Causes immediate revenue loss and prevents checkout completion.,Bug / System Error,High
TCK-11510,"Feature Request: Please add native Dark Mode support across the entire web application dashboard. Affects more than 2,000 active concurrent users.",Feature Request,Low
TCK-10799,Credit card payment failed with code ERR_CARD_PROCESSOR_TIMEOUT for company Umbrella Corp. Halts all production CI/CD deployments across engineering.,Billing & Payment,High
TCK-10843,User stated: Need clarification on line-item usage charges for data egress on current monthly billing statement. Causes immediate revenue loss and prevents checkout completion.,Billing & Payment,Low
TCK-10594,"Account marked past due and suspended, but wire transfer of $3,201 was completed 3 business days ago. Visual bug only; functional workflows remain operational.",Billing & Payment,Critical
TCK-11017,Immediate offboarding request: Please revoke all API tokens and deactivate account for former staff j.smith@hoolitech.com. This is blocking the entire finance department from closing month-end accounts.,Account & Access,High
TCK-10212,"Data corruption risk: After executing SQL query against reporting replica, previously saved records disappear from Notification Queue. High severity as our SLA requires a resolution within 2 hours.",Bug / System Error,Medium
TCK-10316,Support inquiry from tier-1: Typo and visual bug: Text label displays 'Unkown Error' instead of valid status on Batch Processing Worker.,Bug / System Error,Low
TCK-12314,"Client wrote: Local Docker desktop engine fails to start, reporting 'Hardware-assisted virtualization is disabled in UEFI'. Low impact, customer is just inquiring for future planning.",Technical / IT Support,Medium
TCK-10638,User stated: Need clarification on line-item usage charges for data egress on current monthly billing statement. Minor inconvenience for internal staff.,Billing & Payment,Low
TCK-11000,Report from customer success: Requesting official formal price quote for expanding from 50 to 150 user licenses for Massive Dynamic. No immediate workaround available; critical customer escalation.,Billing & Payment,Low
TCK-12243,Direct message from enterprise admin: Physical Ethernet port at desk #38 has no link light and does not assign a DHCP IP address. This is blocking the entire finance department from closing month-end accounts.,Technical / IT Support,Critical
TCK-12362,"Automated monitoring alert: Requesting standard workstation hardware provisioning for incoming senior software engineer starting next week. Only affects a single user, but workaround is cumbersome.",Technical / IT Support,Low
TCK-11135,Two-Factor Authentication (2FA) SMS verification code is not being delivered to phone ending in 9329. Halts all production CI/CD deployments across engineering.,Account & Access,Critical
TCK-11426,"User session randomly terminates every 3 minutes, forcing re-authentication on on employee MacBook Pro (macOS Sonoma). Causes immediate revenue loss and prevents checkout completion.",Account & Access,Medium
TCK-10709,Direct message from enterprise admin: Credit card payment failed with code ERR_CARD_PROCESSOR_TIMEOUT for company Massive Dynamic. Minor inconvenience for internal staff.,Billing & Payment,Low
TCK-10591,"User stated: Disputed transaction: We were charged the Enterprise annual tier rate of $2,726 instead of monthly tier. This is blocking the entire finance department from closing month-end accounts.",Billing & Payment,Low
TCK-10806,"Report from customer success: Invoice #31704 has the incorrect legal entity tax ID. Please regenerate with GST/VAT #VAT-31704. Only affects a single user, but workaround is cumbersome.",Billing & Payment,Medium
TCK-10155,Escalation notice: Search index seems desynchronized in Checkout Service; new entries do not appear after rendering the executive KPI dashboard. High severity as our SLA requires a resolution within 2 hours.,Bug / System Error,Medium
TCK-10063,Infinite loop / UI freeze occurs whenever a user attempts clicking the bulk submit button on via Android app v4.2.1. Causes immediate revenue loss and prevents checkout completion.,Bug / System Error,High
TCK-10730,"Please update our billing address to 338 Market St, London and re-send the invoice #38503. High severity as our SLA requires a resolution within 2 hours.",Billing & Payment,Low
TCK-11459,"Critical alert logged: Account locked after multiple failed attempts. Please unlock username 'a.patel' immediately. Low impact, customer is just inquiring for future planning.",Account & Access,Medium
TCK-11240,Please grant Administrator privileges and workspace owner role to new hire e.dubois@initechllc.com. This is blocking the entire finance department from closing month-end accounts.,Account & Access,Medium
TCK-12330,Inquiry received: Physical Ethernet port at desk #38 has no link light and does not assign a DHCP IP address. This is blocking the entire finance department from closing month-end accounts.,Technical / IT Support,High
TCK-11660,Client wrote: Feature request: Allow custom branding and company logo white-labeling on client-facing export reports. Halts all production CI/CD deployments across engineering.,Feature Request,Low
TCK-10302,"Helpdesk dispatch: Data corruption risk: After invoking the batch synchronization API, previously saved records disappear from Analytics Dashboard. Visual bug only; functional workflows remain operational.",Bug / System Error,Critical
TCK-10691,Customer reports: Invoice #17864 has the incorrect legal entity tax ID. Please regenerate with GST/VAT #VAT-17864. Halts all production CI/CD deployments across engineering.,Billing & Payment,Medium
TCK-10334,"The export feature is generating corrupted, 0-byte files when generating the annual revenue reconciliation report. No immediate workaround available; critical customer escalation.",Bug / System Error,Medium
TCK-10013,Crash report: Worker thread terminated unexpectedly with SocketTimeoutException after 30000ms while generating the annual revenue reconciliation report. This is blocking the entire finance department from closing month-end accounts.,Bug / System Error,High
TCK-10312,"Unhandled exception thrown during importing customer leads from Salesforce. Stack trace indicates HTTP 401 Unauthorized. on Firefox ESR 115. Low impact, customer is just inquiring for future planning.",Bug / System Error,High
TCK-11583,Please provide a public REST API endpoint allowing programmatic retrieval of workspace analytics metrics. Visual bug only; functional workflows remain operational.,Feature Request,Medium
TCK-10559,Client wrote: Invoice #46848 has the incorrect legal entity tax ID. Please regenerate with GST/VAT #VAT-46848. This is blocking the entire finance department from closing month-end accounts.,Billing & Payment,Medium
TCK-11681,"Customer reports: Feature enhancement: Support multi-currency checkout (EUR, GBP, JPY, CAD) on the customer-facing billing page. No immediate workaround available; critical customer escalation.",Feature Request,Critical
TCK-10403,"Search index seems desynchronized in Analytics Dashboard; new entries do not appear after processing payroll deductions for all employees. Low impact, customer is just inquiring for future planning.",Bug / System Error,High
TCK-10470,Helpdesk dispatch: Encountered a fatal crash during uploading a 25MB CSV data file. The screen went completely blank and logged SSL handshake failed: certificate expired. Halts all production CI/CD deployments across engineering.,Bug / System Error,High
TCK-12266,Customer reports: Outlook desktop app crashes repeatedly during startup with error 'MAPI32.DLL missing or corrupt'. Visual bug only; functional workflows remain operational.,Technical / IT Support,Medium
TCK-10485,"Search index seems desynchronized in Reporting Engine; new entries do not appear after executing SQL query against reporting replica. Low impact, customer is just inquiring for future planning.",Bug / System Error,High
TCK-12336,Inquiry received: Requesting standard workstation hardware provisioning for incoming senior software engineer starting next week. Visual bug only; functional workflows remain operational.,Technical / IT Support,Low
TCK-12234,User stated: Dual external monitors are not recognized when connecting Lenovo ThinkPad to the USB-C docking station. Minor inconvenience for internal staff.,Technical / IT Support,Critical
TCK-11231,Issue logged via web portal: Account locked after multiple failed attempts. Please unlock username 'k.chen' immediately. Visual bug only; functional workflows remain operational.,Account & Access,Medium
TCK-12126,Escalation notice: Outlook desktop app crashes repeatedly during startup with error 'MAPI32.DLL missing or corrupt'. Causes immediate revenue loss and prevents checkout completion.,Technical / IT Support,Medium
TCK-11058,"Password reset link gives 'HTTP 400 Token Invalid or Expired' immediately upon opening. Only affects a single user, but workaround is cumbersome.",Account & Access,High
TCK-11938,Requesting Webhook support for ticket status updates so our engineering team can trigger custom Slack alerts. No immediate workaround available; critical customer escalation.,Feature Request,Medium
TCK-10078,"Unhandled exception thrown during filtering transaction logs by timestamp. Stack trace indicates HTTP 504 Gateway Timeout. on Ubuntu 22.04 LTS workstation. Low impact, customer is just inquiring for future planning.",Bug / System Error,High
TCK-11336,"Support inquiry from tier-1: User session randomly terminates every 3 minutes, forcing re-authentication on in staging environment. No immediate workaround available; critical customer escalation.",Account & Access,Medium
TCK-11128,How can I transfer primary account ownership from j.smith@wayneenterprises.com to finance@company.com? This is blocking the entire finance department from closing month-end accounts.,Account & Access,High
TCK-11942,Feature Request: Please add native Dark Mode support across the entire web application dashboard. Visual bug only; functional workflows remain operational.,Feature Request,Low
TCK-10095,"Urgent assistance requested: The export feature is generating corrupted, 0-byte files when invoking the batch synchronization API. Minor inconvenience for internal staff.",Bug / System Error,Medium
TCK-11176,Account locked after multiple failed attempts. Please unlock username 'a.patel' immediately. Causes immediate revenue loss and prevents checkout completion.,Account & Access,Medium
TCK-10409,"Infinite loop / UI freeze occurs whenever a user attempts executing SQL query against reporting replica on via Android app v4.2.1. Affects more than 2,000 active concurrent users.",Bug / System Error,High
TCK-11437,"Two-Factor Authentication (2FA) SMS verification code is not being delivered to phone ending in 3919. Only affects a single user, but workaround is cumbersome.",Account & Access,High
TCK-11662,Urgent assistance requested: Please provide a public REST API endpoint allowing programmatic retrieval of workspace analytics metrics. Causes immediate revenue loss and prevents checkout completion.,Feature Request,Medium
TCK-12081,Helpdesk dispatch: Office Wi-Fi in the 4th floor engineering wing is suffering severe packet loss and DNS resolution timeouts. Minor inconvenience for internal staff.,Technical / IT Support,High
TCK-10240,"Direct message from enterprise admin: Bug discovered in Analytics Dashboard: processing payroll deductions for all employees yields incorrect calculation results. Affects more than 2,000 active concurrent users.",Bug / System Error,Critical
TCK-11474,"Two-Factor Authentication (2FA) SMS verification code is not being delivered to phone ending in 3202. Low impact, customer is just inquiring for future planning.",Account & Access,Critical
TCK-12169,Physical Ethernet port at desk #38 has no link light and does not assign a DHCP IP address. Minor inconvenience for internal staff.,Technical / IT Support,Low
TCK-10695,"User stated: Disputed transaction: We were charged the Enterprise annual tier rate of $4,013 instead of monthly tier. Low impact, customer is just inquiring for future planning.",Billing & Payment,High
TCK-12468,"Support inquiry from tier-1: Physical Ethernet port at desk #38 has no link light and does not assign a DHCP IP address. Low impact, customer is just inquiring for future planning.",Technical / IT Support,Low
TCK-10712,Automated monitoring alert: Requesting official formal price quote for expanding from 50 to 150 user licenses for Pied Piper. High severity as our SLA requires a resolution within 2 hours.,Billing & Payment,Low
TCK-12117,Inquiry received: Floor 3 network printer is displaying 'Paper Jam Error 52' even though the internal tray is completely clear. High severity as our SLA requires a resolution within 2 hours.,Technical / IT Support,Medium
TCK-10232,Application crashes consistently when clicking the bulk submit button. Error message: 'Deadlock detected in transaction #TX-9482'. Environment: on mobile client iOS 17.4. No immediate workaround available; critical customer escalation.,Bug / System Error,Critical
TCK-10081,Client wrote: Application crashes consistently when saving nested profile permissions. Error message: 'HTTP 502 Bad Gateway'. Environment: in staging environment. No immediate workaround available; critical customer escalation.,Bug / System Error,Critical
TCK-10327,Urgent assistance requested: Search index seems desynchronized in Notification Queue; new entries do not appear after clicking the bulk submit button. Visual bug only; functional workflows remain operational.,Bug / System Error,Medium
TCK-11234,Urgent assistance requested: Please grant Administrator privileges and workspace owner role to new hire l.muller@massivedynamic.com. Causes immediate revenue loss and prevents checkout completion.,Account & Access,Medium
TCK-12038,"Support inquiry from tier-1: Assistance needed to configure corporate AWS CLI credentials and kubectl context on developer workstation. Affects more than 2,000 active concurrent users.",Technical / IT Support,Low
TCK-11922,"Internal incident report: Requesting Webhook support for ticket status updates so our engineering team can trigger custom Slack alerts. Only affects a single user, but workaround is cumbersome.",Feature Request,Medium
TCK-11624,"Feature enhancement: Support multi-currency checkout (EUR, GBP, JPY, CAD) on the customer-facing billing page. Causes immediate revenue loss and prevents checkout completion.",Feature Request,Medium
TCK-12249,"Support inquiry from tier-1: Need replacement 90W USB-C AC power adapter for Dell Latitude laptop; current cable has a frayed wire. Affects more than 2,000 active concurrent users.",Technical / IT Support,Low
TCK-10881,"Direct message from enterprise admin: Credit card payment failed with code ERR_CARD_PROCESSOR_TIMEOUT for company Stark Industries. Only affects a single user, but workaround is cumbersome.",Billing & Payment,High
TCK-10947,"Inquiry received: Disputed transaction: We were charged the Enterprise annual tier rate of $2,545 instead of monthly tier. Only affects a single user, but workaround is cumbersome.",Billing & Payment,High
TCK-11085,"Immediate offboarding request: Please revoke all API tokens and deactivate account for former staff a.patel@umbrellacorp.com. Low impact, customer is just inquiring for future planning.",Account & Access,High
TCK-12455,"Customer reports: Office Wi-Fi in the 4th floor engineering wing is suffering severe packet loss and DNS resolution timeouts. Low impact, customer is just inquiring for future planning.",Technical / IT Support,High
TCK-11549,"Report from customer success: Feature enhancement: Support multi-currency checkout (EUR, GBP, JPY, CAD) on the customer-facing billing page. This is blocking the entire finance department from closing month-end accounts.",Feature Request,Medium
TCK-11023,"Automated monitoring alert: Password reset link gives 'HTTP 400 Token Invalid or Expired' immediately upon opening. Only affects a single user, but workaround is cumbersome.",Account & Access,High
TCK-10618,"Please update our billing address to 106 Market St, San Francisco and re-send the invoice #78807. Visual bug only; functional workflows remain operational.",Billing & Payment,Low
TCK-11357,Account locked after multiple failed attempts. Please unlock username 'l.muller' immediately. Visual bug only; functional workflows remain operational.,Account & Access,Medium
TCK-11784,Would appreciate an automated weekly email digest summarizing team performance and open ticket counts. This is blocking the entire finance department from closing month-end accounts.,Feature Request,Low
TCK-11637,"Customer reports: Requesting comprehensive audit log viewer in the admin console to track configuration modifications. Affects more than 2,000 active concurrent users.",Feature Request,Medium
TCK-12086,Urgent assistance requested: Physical Ethernet port at desk #38 has no link light and does not assign a DHCP IP address. Causes immediate revenue loss and prevents checkout completion.,Technical / IT Support,Low
TCK-11483,Account locked after multiple failed attempts. Please unlock username 'd.rossi' immediately. High severity as our SLA requires a resolution within 2 hours.,Account & Access,Medium
TCK-12412,Helpdesk dispatch: Floor 3 network printer is displaying 'Paper Jam Error 52' even though the internal tray is completely clear. Minor inconvenience for internal staff.,Technical / IT Support,Low
TCK-12474,Automated monitoring alert: Floor 3 network printer is displaying 'Paper Jam Error 52' even though the internal tray is completely clear. This is blocking the entire finance department from closing month-end accounts.,Technical / IT Support,Low
TCK-11254,"How can I transfer primary account ownership from d.rossi@acmecorp.com to finance@company.com? Low impact, customer is just inquiring for future planning.",Account & Access,Low
TCK-12272,Physical Ethernet port at desk #38 has no link light and does not assign a DHCP IP address. This is blocking the entire finance department from closing month-end accounts.,Technical / IT Support,Low
TCK-12435,Dual external monitors are not recognized when connecting Lenovo ThinkPad to the USB-C docking station. Causes immediate revenue loss and prevents checkout completion.,Technical / IT Support,Low
TCK-11727,Client wrote: Feature Request: Please add native Dark Mode support across the entire web application dashboard. Minor inconvenience for internal staff.,Feature Request,Low
TCK-12287,"Report from customer success: Floor 3 network printer is displaying 'Paper Jam Error 52' even though the internal tray is completely clear. Only affects a single user, but workaround is cumbersome.",Technical / IT Support,Low
TCK-11992,"Customer reports: Requesting Webhook support for ticket status updates so our engineering team can trigger custom Slack alerts. Low impact, customer is just inquiring for future planning.",Feature Request,Medium
TCK-10089,"Support inquiry from tier-1: Unhandled exception thrown during uploading a 25MB CSV data file. Stack trace indicates ERR_CONNECTION_REFUSED on port 8080. on dedicated AWS EC2 c5.4xlarge instance. Low impact, customer is just inquiring for future planning.",Bug / System Error,High
TCK-10711,Urgent assistance requested: Payment gateway webhook failed after customer checkout; customer was charged but order shows unpaid. Causes immediate revenue loss and prevents checkout completion.,Billing & Payment,Critical
TCK-12209,Office Wi-Fi in the 4th floor engineering wing is suffering severe packet loss and DNS resolution timeouts. High severity as our SLA requires a resolution within 2 hours.,Technical / IT Support,High
TCK-10167,"Client wrote: Data corruption risk: After generating the annual revenue reconciliation report, previously saved records disappear from Batch Processing Worker. Visual bug only; functional workflows remain operational.",Bug / System Error,Critical
TCK-12008,"User stated: Need replacement 90W USB-C AC power adapter for Dell Latitude laptop; current cable has a frayed wire. Only affects a single user, but workaround is cumbersome.",Technical / IT Support,Low
TCK-11054,Urgent assistance requested: Locked out of account. Password reset email never arrives for user d.rossi@globexglobal.com. Visual bug only; functional workflows remain operational.,Account & Access,High
TCK-11080,"Locked out of account. Password reset email never arrives for user d.rossi@massivedynamic.com. Affects more than 2,000 active concurrent users.",Account & Access,High
TCK-10036,Support inquiry from tier-1: Unhandled exception thrown during uploading a 25MB CSV data file. Stack trace indicates Database connection pool exhausted. in internal Kubernetes namespace 'billing-prod'. High severity as our SLA requires a resolution within 2 hours.,Bug / System Error,High
TCK-11409,Inquiry received: Please grant Administrator privileges and workspace owner role to new hire e.dubois@piedpiper.com. Causes immediate revenue loss and prevents checkout completion.,Account & Access,Medium
TCK-10773,"Critical alert logged: Requesting official formal price quote for expanding from 50 to 150 user licenses for Massive Dynamic. Low impact, customer is just inquiring for future planning.",Billing & Payment,Low
TCK-12218,Ticket opened by employee: Need replacement 90W USB-C AC power adapter for Dell Latitude laptop; current cable has a frayed wire. Causes immediate revenue loss and prevents checkout completion.,Technical / IT Support,Low
TCK-10972,"Account marked past due and suspended, but wire transfer of $1,478 was completed 3 business days ago. Only affects a single user, but workaround is cumbersome.",Billing & Payment,Critical
TCK-12184,Report from customer success: Physical Ethernet port at desk #38 has no link light and does not assign a DHCP IP address. This is blocking the entire finance department from closing month-end accounts.,Technical / IT Support,Low
TCK-12148,"Ticket opened by employee: Dual external monitors are not recognized when connecting Lenovo ThinkPad to the USB-C docking station. Affects more than 2,000 active concurrent users.",Technical / IT Support,Low
TCK-10703,Invoice #19565 has the incorrect legal entity tax ID. Please regenerate with GST/VAT #VAT-19565. Visual bug only; functional workflows remain operational.,Billing & Payment,Medium
TCK-10030,"Helpdesk dispatch: Data corruption risk: After importing customer leads from Salesforce, previously saved records disappear from Checkout Service. Visual bug only; functional workflows remain operational.",Bug / System Error,Medium
TCK-10235,Customer reports: Infinite loop / UI freeze occurs whenever a user attempts rendering the executive KPI dashboard on on production cluster us-east-1. Visual bug only; functional workflows remain operational.,Bug / System Error,High
TCK-11927,Can we add granular tag-based filtering and custom multi-select fields to the main ticket view? Visual bug only; functional workflows remain operational.,Feature Request,Low
TCK-10471,"Escalation notice: Data corruption risk: After importing customer leads from Salesforce, previously saved records disappear from Batch Processing Worker. Causes immediate revenue loss and prevents checkout completion.",Bug / System Error,Critical
TCK-10879,"Helpdesk dispatch: Our corporate account was billed twice for invoice #25857. Total overcharge is $4,425. High severity as our SLA requires a resolution within 2 hours.",Billing & Payment,High
TCK-10446,Urgent assistance requested: Crash report: Worker thread terminated unexpectedly with SocketTimeoutException after 30000ms while executing SQL query against reporting replica. High severity as our SLA requires a resolution within 2 hours.,Bug / System Error,Critical
TCK-10545,Client wrote: Our corporate account was billed twice for invoice #55698. Total overcharge is $603. High severity as our SLA requires a resolution within 2 hours.,Billing & Payment,High
TCK-10049,"Ticket opened by employee: Data corruption risk: After clicking the bulk submit button, previously saved records disappear from Notification Queue. Low impact, customer is just inquiring for future planning.",Bug / System Error,Critical
TCK-12207,Customer reports: Need replacement 90W USB-C AC power adapter for Dell Latitude laptop; current cable has a frayed wire. No immediate workaround available; critical customer escalation.,Technical / IT Support,Low
TCK-11257,User stated: Locked out of account. Password reset email never arrives for user e.dubois@cyberdynesystems.com. Visual bug only; functional workflows remain operational.,Account & Access,High
TCK-11387,"Support inquiry from tier-1: Locked out of account. Password reset email never arrives for user l.muller@initechllc.com. Affects more than 2,000 active concurrent users.",Account & Access,High
TCK-11249,Security escalation: Unusual login detected from unrecognized IP in foreign jurisdiction for account l.muller. High severity as our SLA requires a resolution within 2 hours.,Account & Access,Critical
TCK-11509,Support inquiry from tier-1: Kindly increase maximum file upload limit from 10MB to 100MB to support uploading short debugging screen recordings. High severity as our SLA requires a resolution within 2 hours.,Feature Request,Low
TCK-12212,Assistance needed to configure corporate AWS CLI credentials and kubectl context on developer workstation. Minor inconvenience for internal staff.,Technical / IT Support,Low
TCK-10890,"Report from customer success: Please update our billing address to 575 Market St, London and re-send the invoice #35745. Causes immediate revenue loss and prevents checkout completion.",Billing & Payment,Low
TCK-11543,"Automated monitoring alert: Feature Request: Please add native Dark Mode support across the entire web application dashboard. Affects more than 2,000 active concurrent users.",Feature Request,Low
TCK-10552,Customer reports: Credit card payment failed with code ERR_CARD_PROCESSOR_TIMEOUT for company Acme Corp. This is blocking the entire finance department from closing month-end accounts.,Billing & Payment,High
TCK-11477,"Two-Factor Authentication (2FA) SMS verification code is not being delivered to phone ending in 1116. Affects more than 2,000 active concurrent users.",Account & Access,Critical
TCK-11782,Inquiry received: Can we add granular tag-based filtering and custom multi-select fields to the main ticket view? This is blocking the entire finance department from closing month-end accounts.,Feature Request,High
TCK-11061,Escalation notice: Password reset link gives 'HTTP 400 Token Invalid or Expired' immediately upon opening. Minor inconvenience for internal staff.,Account & Access,High
TCK-12273,"Requesting standard workstation hardware provisioning for incoming senior software engineer starting next week. Affects more than 2,000 active concurrent users.",Technical / IT Support,Low
TCK-10686,"Report from customer success: Please remove expired corporate credit card ending in 9144 and assign the new Amex as default. Affects more than 2,000 active concurrent users.",Billing & Payment,Low
TCK-10005,Automated monitoring alert: Intermittent failure: rendering the executive KPI dashboard fails with SSL handshake failed: certificate expired for about 15% of requests. Halts all production CI/CD deployments across engineering.,Bug / System Error,Medium
TCK-11819,Urgent assistance requested: Can we add granular tag-based filtering and custom multi-select fields to the main ticket view? This is blocking the entire finance department from closing month-end accounts.,Feature Request,Low
TCK-10900,"Inquiry received: Our corporate account was billed twice for invoice #71845. Total overcharge is $1,150. Causes immediate revenue loss and prevents checkout completion.",Billing & Payment,High
TCK-10114,"Bug discovered in Inventory Microservice: uploading a 25MB CSV data file yields incorrect calculation results. Only affects a single user, but workaround is cumbersome.",Bug / System Error,Critical
TCK-10086,"Ticket opened by employee: Crash report: Worker thread terminated unexpectedly with HTTP 401 Unauthorized while generating the annual revenue reconciliation report. Only affects a single user, but workaround is cumbersome.",Bug / System Error,Critical
TCK-11177,"User session randomly terminates every 3 minutes, forcing re-authentication on on Ubuntu 22.04 LTS workstation. Halts all production CI/CD deployments across engineering.",Account & Access,Medium
TCK-10880,"Disputed transaction: We were charged the Enterprise annual tier rate of $1,245 instead of monthly tier. Causes immediate revenue loss and prevents checkout completion.",Billing & Payment,High
TCK-10553,"Ticket opened by employee: Please update our billing address to 667 Market St, London and re-send the invoice #68455. Visual bug only; functional workflows remain operational.",Billing & Payment,Low
TCK-10824,User stated: Invoice #40423 has the incorrect legal entity tax ID. Please regenerate with GST/VAT #VAT-40423. Visual bug only; functional workflows remain operational.,Billing & Payment,Medium
TCK-10508,"Account marked past due and suspended, but wire transfer of $2,634 was completed 3 business days ago. Visual bug only; functional workflows remain operational.",Billing & Payment,Critical
TCK-11333,"Support inquiry from tier-1: Password reset link gives 'HTTP 400 Token Invalid or Expired' immediately upon opening. Affects more than 2,000 active concurrent users.",Account & Access,High
TCK-11099,"Critical alert logged: Two-Factor Authentication (2FA) SMS verification code is not being delivered to phone ending in 5212. Only affects a single user, but workaround is cumbersome.",Account & Access,Critical
TCK-10038,Infinite loop / UI freeze occurs whenever a user attempts saving nested profile permissions on on corporate Lenovo ThinkPad T14. This is blocking the entire finance department from closing month-end accounts.,Bug / System Error,Low
TCK-11783,We would love the ability to export all chart visualizations directly to high-res SVG or vector PDF. This is blocking the entire finance department from closing month-end accounts.,Feature Request,Low
TCK-11107,"Locked out of account. Password reset email never arrives for user j.smith@globexglobal.com. Only affects a single user, but workaround is cumbersome.",Account & Access,High
TCK-12247,"Automated monitoring alert: Dual external monitors are not recognized when connecting Lenovo ThinkPad to the USB-C docking station. Affects more than 2,000 active concurrent users.",Technical / IT Support,Low
TCK-10578,"Ticket opened by employee: Please update our billing address to 811 Market St, Singapore and re-send the invoice #90744. This is blocking the entire finance department from closing month-end accounts.",Billing & Payment,Low
TCK-12128,Internal code repository server (git.internal.corp) is completely unreachable; SSH connection timed out on port 22. Visual bug only; functional workflows remain operational.,Technical / IT Support,Critical
TCK-12363,"Direct message from enterprise admin: Corporate VPN gateway is rejecting connections with 'TLS Handshake Failed'. Remote engineers cannot access servers. Affects more than 2,000 active concurrent users.",Technical / IT Support,Critical
TCK-12465,"Report from customer success: Local Docker desktop engine fails to start, reporting 'Hardware-assisted virtualization is disabled in UEFI'. Minor inconvenience for internal staff.",Technical / IT Support,Medium
TCK-11926,"Feature request: Allow custom branding and company logo white-labeling on client-facing export reports. Affects more than 2,000 active concurrent users.",Feature Request,Low
TCK-11499,Critical alert logged: Company-wide SSO login outage: Okta SAML returns 'Invalid assertion signature'. All employees locked out! Visual bug only; functional workflows remain operational.,Account & Access,Critical
TCK-12389,Direct message from enterprise admin: Assistance needed to configure corporate AWS CLI credentials and kubectl context on developer workstation. Visual bug only; functional workflows remain operational.,Technical / IT Support,Low
TCK-11404,Password reset link gives 'HTTP 400 Token Invalid or Expired' immediately upon opening. This is blocking the entire finance department from closing month-end accounts.,Account & Access,High
TCK-11518,"Urgent assistance requested: Feature enhancement: Support multi-currency checkout (EUR, GBP, JPY, CAD) on the customer-facing billing page. Halts all production CI/CD deployments across engineering.",Feature Request,Critical
TCK-10700,"Ticket opened by employee: Credit card payment failed with code ERR_CARD_PROCESSOR_TIMEOUT for company Hooli Tech. Only affects a single user, but workaround is cumbersome.",Billing & Payment,High
TCK-12397,Automated monitoring alert: Dual external monitors are not recognized when connecting Lenovo ThinkPad to the USB-C docking station. No immediate workaround available; critical customer escalation.,Technical / IT Support,Critical
TCK-11609,Inquiry received: Feature request: Allow custom branding and company logo white-labeling on client-facing export reports. Causes immediate revenue loss and prevents checkout completion.,Feature Request,Low
TCK-10542,Ticket opened by employee: Requesting official formal price quote for expanding from 50 to 150 user licenses for Massive Dynamic. Minor inconvenience for internal staff.,Billing & Payment,Low
TCK-11760,Can you support bulk employee CSV upload? Manually creating individual user accounts is too slow. This is blocking the entire finance department from closing month-end accounts.,Feature Request,Medium
TCK-11291,"Ticket opened by employee: User session randomly terminates every 3 minutes, forcing re-authentication on connecting through corporate Zscaler VPN. This is blocking the entire finance department from closing month-end accounts.",Account & Access,Medium
TCK-11796,Ticket opened by employee: Can we add granular tag-based filtering and custom multi-select fields to the main ticket view? Halts all production CI/CD deployments across engineering.,Feature Request,Low
TCK-11162,Locked out of account. Password reset email never arrives for user m.garcia@cyberdynesystems.com. Causes immediate revenue loss and prevents checkout completion.,Account & Access,High
TCK-10763,"Subscription auto-renewed without prior 30-day notice; requesting full refund for unused seat licenses. Affects more than 2,000 active concurrent users.",Billing & Payment,Medium
TCK-10159,Client wrote: Typo and visual bug: Text label displays 'Unkown Error' instead of valid status on Search Backend.,Bug / System Error,Low
TCK-11042,Locked out of account. Password reset email never arrives for user j.smith@umbrellacorp.com. This is blocking the entire finance department from closing month-end accounts.,Account & Access,High
TCK-12116,Requesting standard workstation hardware provisioning for incoming senior software engineer starting next week. Minor inconvenience for internal staff.,Technical / IT Support,Low
TCK-11601,"Support inquiry from tier-1: Feature enhancement: Support multi-currency checkout (EUR, GBP, JPY, CAD) on the customer-facing billing page. Minor inconvenience for internal staff.",Feature Request,Medium
TCK-10099,Direct message from enterprise admin: Infinite loop / UI freeze occurs whenever a user attempts invoking the batch synchronization API on on dedicated AWS EC2 c5.4xlarge instance. Halts all production CI/CD deployments across engineering.,Bug / System Error,High
TCK-11497,Critical alert logged: Password reset link gives 'HTTP 400 Token Invalid or Expired' immediately upon opening. Halts all production CI/CD deployments across engineering.,Account & Access,High
TCK-11436,Need help configuring Role-Based Access Control (RBAC) permissions for third-party auditing contractors. Causes immediate revenue loss and prevents checkout completion.,Account & Access,Low
TCK-12308,"Inquiry received: Corporate VPN gateway is rejecting connections with 'TLS Handshake Failed'. Remote engineers cannot access servers. Affects more than 2,000 active concurrent users.",Technical / IT Support,Critical
TCK-10515,Report from customer success: Need clarification on line-item usage charges for data egress on current monthly billing statement. Halts all production CI/CD deployments across engineering.,Billing & Payment,Low
TCK-10768,Urgent assistance requested: Requesting official formal price quote for expanding from 50 to 150 user licenses for Globex Global. High severity as our SLA requires a resolution within 2 hours.,Billing & Payment,Low
TCK-10139,"Encountered a fatal crash during processing payroll deductions for all employees. The screen went completely blank and logged Deadlock detected in transaction #TX-9482. Affects more than 2,000 active concurrent users.",Bug / System Error,High
TCK-10322,Unhandled exception thrown during filtering transaction logs by timestamp. Stack trace indicates HTTP 504 Gateway Timeout. on Ubuntu 22.04 LTS workstation. Causes immediate revenue loss and prevents checkout completion.,Bug / System Error,High
TCK-10574,"User stated: Please remove expired corporate credit card ending in 1110 and assign the new Amex as default. Affects more than 2,000 active concurrent users.",Billing & Payment,Low
TCK-10906,"Escalation notice: Cannot download tax / VAT invoice receipt for invoice #48510. Need it immediately for external audit. Low impact, customer is just inquiring for future planning.",Billing & Payment,Medium
TCK-12043,Assistance needed to configure corporate AWS CLI credentials and kubectl context on developer workstation. High severity as our SLA requires a resolution within 2 hours.,Technical / IT Support,Low
TCK-10973,"Account marked past due and suspended, but wire transfer of $3,345 was completed 3 business days ago. High severity as our SLA requires a resolution within 2 hours.",Billing & Payment,Critical
TCK-10110,Internal incident report: Application crashes consistently when invoking the batch synchronization API. Error message: 'java.lang.NullPointerException'. Environment: using Chrome 122 on Windows 11. Causes immediate revenue loss and prevents checkout completion.,Bug / System Error,Critical
TCK-11781,Internal incident report: We would love the ability to export all chart visualizations directly to high-res SVG or vector PDF. Halts all production CI/CD deployments across engineering.,Feature Request,Low
TCK-10855,Urgent assistance requested: Please remove expired corporate credit card ending in 7452 and assign the new Amex as default. No immediate workaround available; critical customer escalation.,Billing & Payment,Low
TCK-11380,User stated: Locked out of account. Password reset email never arrives for user m.garcia@initechllc.com. Minor inconvenience for internal staff.,Account & Access,High
TCK-11400,How can I transfer primary account ownership from j.smith@cyberdynesystems.com to finance@company.com? Visual bug only; functional workflows remain operational.,Account & Access,Low
TCK-10441,"Escalation notice: Bug discovered in Checkout Service: executing SQL query against reporting replica yields incorrect calculation results. Affects more than 2,000 active concurrent users.",Bug / System Error,Critical
TCK-11472,Locked out of account. Password reset email never arrives for user m.garcia@acmecorp.com. No immediate workaround available; critical customer escalation.,Account & Access,High
TCK-10291,"Critical alert logged: UI regression: Form fields overlap and become unclickable in Inventory Microservice when uploading a 25MB CSV data file. Only affects a single user, but workaround is cumbersome.",Bug / System Error,Low
TCK-10571,"Helpdesk dispatch: Disputed transaction: We were charged the Enterprise annual tier rate of $1,234 instead of monthly tier. This is blocking the entire finance department from closing month-end accounts.",Billing & Payment,High
TCK-12438,"Critical alert logged: Local Docker desktop engine fails to start, reporting 'Hardware-assisted virtualization is disabled in UEFI'. Halts all production CI/CD deployments across engineering.",Technical / IT Support,Medium
TCK-11230,Urgent assistance requested: How can I transfer primary account ownership from a.patel@globexglobal.com to finance@company.com? This is blocking the entire finance department from closing month-end accounts.,Account & Access,Low
TCK-10848,Client wrote: Credit card payment failed with code ERR_CARD_PROCESSOR_TIMEOUT for company Pied Piper. High severity as our SLA requires a resolution within 2 hours.,Billing & Payment,High
TCK-11701,Inquiry received: Feature request: Allow custom branding and company logo white-labeling on client-facing export reports. Halts all production CI/CD deployments across engineering.,Feature Request,Low
TCK-11704,Direct message from enterprise admin: Feature Request: Please add native Dark Mode support across the entire web application dashboard. High severity as our SLA requires a resolution within 2 hours.,Feature Request,Low
TCK-12002,"CrowdStrike endpoint sensor is consuming 98% CPU continuously, causing laptop to freeze. Minor inconvenience for internal staff.",Technical / IT Support,High
TCK-12446,"Helpdesk dispatch: Internal code repository server (git.internal.corp) is completely unreachable; SSH connection timed out on port 22. Affects more than 2,000 active concurrent users.",Technical / IT Support,Critical
TCK-11126,"Customer reports: Password reset link gives 'HTTP 400 Token Invalid or Expired' immediately upon opening. Affects more than 2,000 active concurrent users.",Account & Access,High
TCK-10878,Direct message from enterprise admin: Please remove expired corporate credit card ending in 3609 and assign the new Amex as default. Causes immediate revenue loss and prevents checkout completion.,Billing & Payment,Low
TCK-11605,Requesting comprehensive audit log viewer in the admin console to track configuration modifications. Halts all production CI/CD deployments across engineering.,Feature Request,Medium
TCK-10258,"Support inquiry from tier-1: Intermittent failure: generating the annual revenue reconciliation report fails with ERR_CONNECTION_REFUSED on port 8080 for about 15% of requests. Affects more than 2,000 active concurrent users.",Bug / System Error,Medium
TCK-10797,Client wrote: Invoice #67805 has the incorrect legal entity tax ID. Please regenerate with GST/VAT #VAT-67805. High severity as our SLA requires a resolution within 2 hours.,Billing & Payment,Medium
TCK-12050,"Urgent assistance requested: Requesting standard workstation hardware provisioning for incoming senior software engineer starting next week. Low impact, customer is just inquiring for future planning.",Technical / IT Support,Low
TCK-10603,Inquiry received: Requesting official formal price quote for expanding from 50 to 150 user licenses for Wayne Enterprises. No immediate workaround available; critical customer escalation.,Billing & Payment,Low
TCK-11719,User stated: Kindly increase maximum file upload limit from 10MB to 100MB to support uploading short debugging screen recordings. High severity as our SLA requires a resolution within 2 hours.,Feature Request,Low
TCK-12137,"Office Wi-Fi in the 4th floor engineering wing is suffering severe packet loss and DNS resolution timeouts. Low impact, customer is just inquiring for future planning.",Technical / IT Support,High
TCK-12470,"Customer reports: Corporate VPN gateway is rejecting connections with 'TLS Handshake Failed'. Remote engineers cannot access servers. Affects more than 2,000 active concurrent users.",Technical / IT Support,Critical
TCK-11394,Received '403 Forbidden: Insufficient Permissions' when trying to access workspace 'Acme Corp' despite being admin. Visual bug only; functional workflows remain operational.,Account & Access,High
TCK-11940,"Ticket opened by employee: Requesting Webhook support for ticket status updates so our engineering team can trigger custom Slack alerts. Affects more than 2,000 active concurrent users.",Feature Request,Medium
TCK-10487,"Inquiry received: Infinite loop / UI freeze occurs whenever a user attempts executing SQL query against reporting replica on in staging environment. Low impact, customer is just inquiring for future planning.",Bug / System Error,Medium
TCK-10419,Issue logged via web portal: Unhandled exception thrown during invoking the batch synchronization API. Stack trace indicates ERR_CONNECTION_REFUSED on port 8080. on production cluster us-east-1. Causes immediate revenue loss and prevents checkout completion.,Bug / System Error,High
TCK-11610,Report from customer success: Requesting Webhook support for ticket status updates so our engineering team can trigger custom Slack alerts. Visual bug only; functional workflows remain operational.,Feature Request,Medium
TCK-10533,"Direct message from enterprise admin: Cannot download tax / VAT invoice receipt for invoice #76194. Need it immediately for external audit. Only affects a single user, but workaround is cumbersome.",Billing & Payment,Medium
TCK-10760,Helpdesk dispatch: Our corporate account was billed twice for invoice #45412. Total overcharge is $926. This is blocking the entire finance department from closing month-end accounts.,Billing & Payment,High
TCK-10263,Critical alert logged: Encountered a fatal crash during rendering the executive KPI dashboard. The screen went completely blank and logged java.lang.NullPointerException. Visual bug only; functional workflows remain operational.,Bug / System Error,High
TCK-10610,"Disputed transaction: We were charged the Enterprise annual tier rate of $1,699 instead of monthly tier. Low impact, customer is just inquiring for future planning.",Billing & Payment,High
TCK-10408,Internal incident report: UI regression: Form fields overlap and become unclickable in Notification Queue when processing payroll deductions for all employees. Visual bug only; functional workflows remain operational.,Bug / System Error,Low
TCK-10905,Subscription auto-renewed without prior 30-day notice; requesting full refund for unused seat licenses. Visual bug only; functional workflows remain operational.,Billing & Payment,Medium
TCK-12155,"Requesting standard workstation hardware provisioning for incoming senior software engineer starting next week. Low impact, customer is just inquiring for future planning.",Technical / IT Support,Low
TCK-11680,Escalation notice: Would appreciate an automated weekly email digest summarizing team performance and open ticket counts. Visual bug only; functional workflows remain operational.,Feature Request,Low
TCK-12246,Ticket opened by employee: Outlook desktop app crashes repeatedly during startup with error 'MAPI32.DLL missing or corrupt'. Causes immediate revenue loss and prevents checkout completion.,Technical / IT Support,Critical
TCK-10206,Client wrote: Unhandled exception thrown during rendering the executive KPI dashboard. Stack trace indicates SocketTimeoutException after 30000ms. using Chrome 122 on Windows 11. This is blocking the entire finance department from closing month-end accounts.,Bug / System Error,High
TCK-10789,"Issue logged via web portal: Credit card payment failed with code ERR_CARD_PROCESSOR_TIMEOUT for company Wayne Enterprises. Only affects a single user, but workaround is cumbersome.",Billing & Payment,High
TCK-12456,Internal code repository server (git.internal.corp) is completely unreachable; SSH connection timed out on port 22. Halts all production CI/CD deployments across engineering.,Technical / IT Support,Critical
TCK-10175,UI regression: Form fields overlap and become unclickable in Batch Processing Worker when executing SQL query against reporting replica. Halts all production CI/CD deployments across engineering.,Bug / System Error,Low
TCK-12449,"Direct message from enterprise admin: Internal code repository server (git.internal.corp) is completely unreachable; SSH connection timed out on port 22. Low impact, customer is just inquiring for future planning.",Technical / IT Support,Critical
TCK-10884,"Direct message from enterprise admin: Cannot download tax / VAT invoice receipt for invoice #49709. Need it immediately for external audit. Low impact, customer is just inquiring for future planning.",Billing & Payment,Medium
TCK-10764,Issue logged via web portal: Requesting official formal price quote for expanding from 50 to 150 user licenses for Stark Industries. High severity as our SLA requires a resolution within 2 hours.,Billing & Payment,Low
TCK-10681,Support inquiry from tier-1: Subscription auto-renewed without prior 30-day notice; requesting full refund for unused seat licenses. Visual bug only; functional workflows remain operational.,Billing & Payment,Medium
TCK-10870,Inquiry received: Requesting official formal price quote for expanding from 50 to 150 user licenses for Initech LLC. Causes immediate revenue loss and prevents checkout completion.,Billing & Payment,Low
TCK-11829,"Ticket opened by employee: Feature enhancement: Support multi-currency checkout (EUR, GBP, JPY, CAD) on the customer-facing billing page. Affects more than 2,000 active concurrent users.",Feature Request,Medium
TCK-11733,User stated: We would love the ability to export all chart visualizations directly to high-res SVG or vector PDF. Minor inconvenience for internal staff.,Feature Request,Low
TCK-10874,Requesting official formal price quote for expanding from 50 to 150 user licenses for Hooli Tech. This is blocking the entire finance department from closing month-end accounts.,Billing & Payment,Low
TCK-12150,"CrowdStrike endpoint sensor is consuming 98% CPU continuously, causing laptop to freeze. No immediate workaround available; critical customer escalation.",Technical / IT Support,Medium
TCK-10736,"Our corporate account was billed twice for invoice #59749. Total overcharge is $2,261. Low impact, customer is just inquiring for future planning.",Billing & Payment,High
TCK-10527,"Internal incident report: Please remove expired corporate credit card ending in 6633 and assign the new Amex as default. Only affects a single user, but workaround is cumbersome.",Billing & Payment,Low
TCK-11233,"Need help configuring Role-Based Access Control (RBAC) permissions for third-party auditing contractors. Affects more than 2,000 active concurrent users.",Account & Access,Critical
TCK-12231,Issue logged via web portal: Assistance needed to configure corporate AWS CLI credentials and kubectl context on developer workstation. Causes immediate revenue loss and prevents checkout completion.,Technical / IT Support,Low
TCK-10386,"Ticket opened by employee: The export feature is generating corrupted, 0-byte files when rendering the executive KPI dashboard. Low impact, customer is just inquiring for future planning.",Bug / System Error,Medium
TCK-12350,Client wrote: Physical Ethernet port at desk #38 has no link light and does not assign a DHCP IP address. Causes immediate revenue loss and prevents checkout completion.,Technical / IT Support,Low
TCK-10306,Issue logged via web portal: Crash report: Worker thread terminated unexpectedly with SSL handshake failed: certificate expired while processing payroll deductions for all employees. Halts all production CI/CD deployments across engineering.,Bug / System Error,Critical
TCK-11127,"Password reset link gives 'HTTP 400 Token Invalid or Expired' immediately upon opening. Low impact, customer is just inquiring for future planning.",Account & Access,High
TCK-10353,Infinite loop / UI freeze occurs whenever a user attempts executing SQL query against reporting replica on within the European data region eu-west-1. High severity as our SLA requires a resolution within 2 hours.,Bug / System Error,High
TCK-11599,"Escalation notice: Would appreciate an automated weekly email digest summarizing team performance and open ticket counts. Low impact, customer is just inquiring for future planning.",Feature Request,Low
TCK-11857,User stated: Would appreciate an automated weekly email digest summarizing team performance and open ticket counts. Causes immediate revenue loss and prevents checkout completion.,Feature Request,Low
TCK-10107,"Crash report: Worker thread terminated unexpectedly with OutOfMemoryError: Java heap space while filtering transaction logs by timestamp. Low impact, customer is just inquiring for future planning.",Bug / System Error,Critical
TCK-12238,Internal incident report: Floor 3 network printer is displaying 'Paper Jam Error 52' even though the internal tray is completely clear. Visual bug only; functional workflows remain operational.,Technical / IT Support,Low
TCK-10846,"Issue logged via web portal: Please update our billing address to 365 Market St, Toronto and re-send the invoice #57659. Low impact, customer is just inquiring for future planning.",Billing & Payment,Low
TCK-10679,Issue logged via web portal: Payment gateway webhook failed after customer checkout; customer was charged but order shows unpaid. Halts all production CI/CD deployments across engineering.,Billing & Payment,Critical
TCK-11071,"User session randomly terminates every 3 minutes, forcing re-authentication on on employee MacBook Pro (macOS Sonoma). Visual bug only; functional workflows remain operational.",Account & Access,Medium
TCK-12325,Corporate VPN gateway is rejecting connections with 'TLS Handshake Failed'. Remote engineers cannot access servers. High severity as our SLA requires a resolution within 2 hours.,Technical / IT Support,Critical
TCK-11924,"Urgent assistance requested: We would love the ability to export all chart visualizations directly to high-res SVG or vector PDF. Low impact, customer is just inquiring for future planning.",Feature Request,Low
TCK-10017,Escalation notice: Infinite loop / UI freeze occurs whenever a user attempts processing payroll deductions for all employees on on Firefox ESR 115. Visual bug only; functional workflows remain operational.,Bug / System Error,High
TCK-11908,User stated: Please provide a public REST API endpoint allowing programmatic retrieval of workspace analytics metrics. This is blocking the entire finance department from closing month-end accounts.,Feature Request,Low
TCK-10210,Issue logged via web portal: Bug discovered in Inventory Microservice: filtering transaction logs by timestamp yields incorrect calculation results. No immediate workaround available; critical customer escalation.,Bug / System Error,Critical
TCK-10718,Customer reports: Invoice #36707 has the incorrect legal entity tax ID. Please regenerate with GST/VAT #VAT-36707. No immediate workaround available; critical customer escalation.,Billing & Payment,Medium
TCK-11120,Report from customer success: Need help configuring Role-Based Access Control (RBAC) permissions for third-party auditing contractors. Minor inconvenience for internal staff.,Account & Access,Low
TCK-10626,Internal incident report: Subscription auto-renewed without prior 30-day notice; requesting full refund for unused seat licenses. Minor inconvenience for internal staff.,Billing & Payment,Medium
TCK-10522,Customer reports: Invoice #27709 has the incorrect legal entity tax ID. Please regenerate with GST/VAT #VAT-27709. Halts all production CI/CD deployments across engineering.,Billing & Payment,Medium
TCK-12107,"Helpdesk dispatch: CrowdStrike endpoint sensor is consuming 98% CPU continuously, causing laptop to freeze. Only affects a single user, but workaround is cumbersome.",Technical / IT Support,High
TCK-12329,Dual external monitors are not recognized when connecting Lenovo ThinkPad to the USB-C docking station. High severity as our SLA requires a resolution within 2 hours.,Technical / IT Support,Low
TCK-10877,Cannot download tax / VAT invoice receipt for invoice #27386. Need it immediately for external audit. No immediate workaround available; critical customer escalation.,Billing & Payment,Medium
